raw_date,BGN,BRL,CAD,CHF,EUR,PLN,NOK
2010-08-29,0.3551287290559868,0.08055598816383736,0.24062506662118643,0.9903512157468155,0.8470612842501568,0.5242895442359248,1.0
2010-09-05,0.3551287290559868,0.06634480610496807,0.23145799134457512,0.9648784253184095,0.8160217527713867,0.4619839142091151,0.8759384023099139
2010-09-12,0.32815692684920306,0.06420339510979589,0.17666872748203888,0.991509069857198,0.8439238653001464,0.4749597855227883,0.9167468719923004
2010-09-19,0.3011851246424193,0.06350256969319412,0.16792802779968863,0.9463527595522963,0.7596318761765324,0.41319034852546865,0.8295476419634262
2010-09-26,0.29658084729600853,0.06358043918392775,0.17261815933655944,0.8302971825549981,0.6755490483162521,0.3390884718498661,0.6629451395572667
2010-10-03,0.2919765699495982,0.048590562217723066,0.16664890101690588,0.8167888846005402,0.6041832252666803,0.235710455764075,0.5973051010587103
2010-10-10,0.2873722926031874,0.051666407101697565,0.1559895111603815,0.7756850636819759,0.5716795649445721,0.23345844504021462,0.5788257940327242
2010-10-17,0.2827680152567771,0.04095935212583712,0.1223058392137637,0.7195291393284444,0.5256640870110854,0.13211796246648788,0.4878729547641969
2010-10-24,0.2781637379103663,0.05443077402273788,0.16664890101690588,0.790891547664994,0.5587115666178626,0.21522788203753374,0.5843118383060624
2010-10-31,0.27355946056395597,0.059336551938950266,0.1557763233632503,0.8604785796989578,0.5754026354319182,0.24139410187667565,0.6495668912415793
2010-11-07,0.2689551832175452,0.04785080205575454,0.11313876393715239,0.7545349285989964,0.5267517255804228,0.14080428954423585,0.5079884504331087
2010-11-14,0.26435090587113486,0.06416446036442913,0.132538853476027,0.8023157082207644,0.6075298054800249,0.23270777479892768,0.6687199230028877
2010-11-21,0.2597466285247241,0.06315215698489329,0.15492357217472863,0.8830567348514085,0.615770759255386,0.2454691689008044,0.731376323387873
2010-11-28,0.25514235117831374,0.06821367388257271,0.15876095252307731,0.9096873793901965,0.7196402426270652,0.42563002680965134,0.9105871029836381
2010-12-05,0.25053807383190296,0.057389814670612105,0.11441789071993513,0.8719413353917402,0.7146203723070483,0.3943163538873993,0.7761308950914341
2010-12-12,0.24593379648549263,0.05875253075844877,0.13125972669324426,0.8302971825549981,0.7151223593390506,0.422627345844504,0.7280076997112603
2010-12-19,0.24132951913908185,0.05992057311945176,0.12656959515637345,0.7500192975685063,0.711315624346371,0.3784450402144768,0.6883541867179979
2010-12-26,0.23672524179267151,0.053691013860769354,0.13317841686741838,0.7602470088768816,0.7500941225685,0.40621983914209103,0.7099133782483156
2011-01-02,0.23212096444626074,0.04134869957950471,0.10441938303451481,0.6541489772288691,0.6872202468102908,0.3500268096514745,0.5779595765158803
2011-01-09,0.21311810380057228,0.05353527487930221,0.09533758287675598,0.7682747973755304,0.26220455971554024,0.3673994638069704,0.6969201154956695
2011-01-16,0.19411524315488338,0.05209468930073202,0.102969706014028,0.7764955615592433,0.19577494248065275,0.27678284182305646,0.6195380173243503
2011-01-23,0.17511238250919492,0.0460598037688833,0.10354531306628001,0.756966422230799,0.1809244927839364,0.23302949061662215,0.5773820981713191
2011-01-30,0.15610952186350646,0.04781186731038778,0.10053936512674033,0.6857583944423005,0.1833507634386109,0.2229490616621983,0.5287776708373437
2011-02-06,0.17306906416019618,0.04403519700981162,0.08216257701409146,0.7102663064453876,0.15649445722652144,0.22863270777479894,0.4724735322425415
2011-02-13,0.16380602097806873,0.04539791309764829,0.1013281599761231,0.7989579313006558,0.1724325454925748,0.26756032171581756,0.6031761308950916
2011-02-20,0.1545429777959404,0.0441520012459119,0.07497814825079407,0.7167502894635276,0.13365404727044572,0.24032171581769424,0.4373435996150148
2011-02-27,0.14527993461381294,0.04169911228780565,0.06819877630204463,0.6318795831725201,0.15636896046852122,0.25404825737265435,0.38950914340712295
2011-03-06,0.13559460563955872,0.03757202927892844,0.05244419809410106,0.6373214974913157,0.12829951892909408,0.22552278820375316,0.3247353224254095
2011-03-13,0.1259092766653045,0.04294502413954204,0.06668514294241801,0.6410652257815515,0.17222338422924066,0.30627345844504017,0.4141482194417714
2011-03-20,0.11622394769105027,0.0450085656439807,0.07519133604792438,0.5272095715939793,0.1434427943944776,0.24021447721179623,0.3291626564003849
2011-03-27,0.1065386187167956,0.04099828687120388,0.059884452213955,0.5738324971053648,0.15804225057519306,0.20600536193029484,0.3355149181905679
2011-04-03,0.09685328974254181,0.02892851580750655,0.04218986505212419,0.6066383635661903,0.1641915917172141,0.22337801608579078,0.2722810394610198
2011-04-10,0.08716796076828759,0.006696776203083621,0.013089730743812034,0.5701659590891546,0.11554068186571831,0.1056300268096515,0.17401347449470617
2011-04-17,0.07748263179403336,0.00942220837875718,0.03466433581341777,0.487186414511771,0.11512235933905046,0.08879356568364605,0.1603464870067377
2011-04-24,0.06779730281977914,0.004438560971811167,0.0,0.4433423388653033,0.08441748588161468,0.06380697050938355,0.09682386910490859
2011-05-01,0.058111973845525355,0.009928360068525155,0.002046602852452839,0.3843303743728286,0.0667642752562223,0.0,0.0
2011-05-08,0.04842664487127113,0.024957171780096488,0.03389685974374812,0.41408722500964856,0.10637941853168753,0.08203753351206444,0.2329162656400392
2011-05-15,0.038741315897016904,0.024957171780096488,0.03212740102756495,0.465997684291779,0.12842501568709475,0.10155495978552276,0.24408084696823895
2011-05-22,0.029055986922762234,0.026319887867933378,0.04521713177137743,0.4248552682362021,0.13357038276511135,0.11742627345844525,0.25158806544754597
2011-05-29,0.019370657948508452,0.022387478585890075,0.059991046112520596,0.3489386337321503,0.09859861953566185,0.15024128686327076,0.2014436958614052
2011-06-05,0.009685328974254226,0.009500077869490808,0.06502227812479999,0.2916634504052493,0.119096423342397,0.08868632707774804,0.139076034648701
2011-06-12,0.0,0.012692726989565473,0.050312320122796184,0.2902354303357777,0.12202468102907327,0.07313672922252001,0.17892204042348325
2011-06-19,0.0019411524315486872,0.018338265067746495,0.06553392883791354,0.2815322269394058,0.14386111692114634,0.14541554959785508,0.2673724735322427
2011-06-26,0.0038823048630978185,0.01685874474380933,0.0719722003112544,0.2728290235430335,0.1704664296172349,0.17018766756032155,0.22714148219441732
2011-07-03,0.005823457294646506,0.0029590406478741116,0.03368367194661781,0.31030490158240065,0.16958795231123203,0.09672922252010752,0.13474494706448503
2011-07-10,0.007764609726195193,0.0024528889581062474,0.02142537361161434,0.3220378232342722,0.18008784773060027,0.1265415549597857,0.19364773820981718
2011-07-17,0.00970576215774388,0.008448839744587988,0.020828447779649206,0.2010420686993437,0.15147458690650462,0.21855227882037553,0.3118383060635228
2011-07-24,0.011646914589292567,0.0,0.002217153090156909,0.20412967966036266,0.12240117130307437,0.12675603217158216,0.1545717035611167
2011-07-31,0.013588067020841699,0.007592275346519295,0.005542882725392495,0.13276727132381305,0.12294499058774333,0.17436997319034875,0.18171318575553386
2011-08-07,0.015529219452390386,0.013198878679333448,0.0722280256678105,0.0,0.12482744195774931,0.2246648793565682,0.25235803657362865
2011-08-14,0.017470371883939073,0.0245678243264289,0.08282345918519596,0.01740640679274419,0.12913616398243022,0.28418230563002655,0.24542829643888364
2011-08-21,0.019411524315488204,0.015729637128173213,0.0817362014198304,0.08498649170204553,0.08550512445095171,0.27024128686327087,0.21693936477382092
2011-08-28,0.030631199613626592,0.02192026164148886,0.08695930244952788,0.11300656117329266,0.12901066722443,0.268632707774799,0.1545717035611167
2011-09-04,0.04185087491176542,0.027994081918704228,0.06427612083484346,0.05642609031262058,0.13574565990378584,0.30595174262734615,0.14263715110683428
2011-09-11,0.053070550209904255,0.044580283444946245,0.09550813311446049,0.440524893863373,0.17812173185526037,0.4997319034852543,0.20596727622714095
2011-09-18,0.06429022550804309,0.06576078492446658,0.08011597416163907,0.424585102277113,0.2066094959213549,0.5456300268096514,0.37208854667949964
2011-09-25,0.07550990080618147,0.13923064943155272,0.17837422985908313,0.5470474720185257,0.27375026145157877,0.7634316353887396,0.6108758421559193
2011-10-02,0.08672957610432075,0.11793334371593212,0.2058754556889162,0.5209571593979159,0.2414139301401379,0.6581233243967826,0.5820981713185756
2011-10-09,0.09794925140245914,0.08916056688989249,0.18647536615004157,0.5948668467773057,0.24944572265216447,0.6531903485254689,0.5479307025986522
2011-10-16,0.10916892670059797,0.0731194517987852,0.14213230434689894,0.5053261289077575,0.20698598619535646,0.5073458445040213,0.35890279114533197
2011-10-23,0.12038860199873636,0.09036754399626223,0.1353102948387237,0.4849093014280199,0.18736665969462463,0.5744772117962467,0.3349374398460059
2011-10-30,0.13160827729687563,0.05731194517987859,0.09755473596691289,0.3707448861443461,0.15436101234051458,0.43528150134048227,0.1746871992300285
2011-11-06,0.14282795259501402,0.07237969163681668,0.15215213081203238,0.465959089154766,0.17239071323990762,0.5553887399463804,0.385178055822907
2011-11-13,0.1826045497888571,0.07845351191403205,0.1508730040292492,0.537205712080278,0.18230495712194061,0.635067024128686,0.42560153994225214
2011-11-20,0.22238114698269973,0.08468307117271445,0.1583345769288167,0.5614048629872634,0.20046015477933476,0.6511528150134045,0.5036573628488936
2011-11-27,0.26215774417654236,0.13467528422364117,0.22079860148805075,0.6172134311076807,0.2628738757582094,0.8191957104557637,0.660731472569779
2011-12-04,0.19922353902738044,0.09028967450552872,0.13978723857846376,0.5683133925125432,0.21987032001673246,0.7097050938337794,0.49181905678536975
2011-12-11,0.23191663261136064,0.1003737735555209,0.1570554501460335,0.5986105750675415,0.2230914034720768,0.7773726541554957,0.48036573628489077
2011-12-18,0.2646097261953413,0.1129496963089861,0.1813588590189097,0.6611732921651874,0.24806525831416026,0.8447184986595171,0.6924927815206932
2011-12-25,0.2973028197793215,0.11777760473446508,0.15193894301490207,0.654843689695098,0.22564317088475194,0.8061126005361925,0.6959576515880652
2012-01-01,0.32999591336330214,0.12209936147017597,0.15620269895751182,0.6684291779235818,0.25710102489018993,0.854584450402144,0.7274302213666992
2012-01-08,0.3692276256640783,0.11201526242018378,0.15662907455177288,0.7210343496719411,0.2624137209788744,0.9346916890080421,0.7411934552454298
2012-01-15,0.370453616673478,0.08842080672792396,0.15215213081203238,0.6991895021227323,0.2857561179669523,0.8595174262734582,0.7573628488931661
2012-01-22,0.3260114425827547,0.08332035508487778,0.13957405078133345,0.6551910459282131,0.26028027609286797,0.7501340482573728,0.6739172281039458
2012-01-29,0.281569268492031,0.0735087992524529,0.10819280704372458,0.5886916248552683,0.2197029910060655,0.6031099195710454,0.5572666025024064
2012-02-05,0.2804794987058985,0.06692882728546956,0.11548382970558757,0.576418371285218,0.20188245137000616,0.576729222520107,0.5501443695861408
2012-02-12,0.27938972891976555,0.06724030524840363,0.11654976869124001,0.582709378618294,0.2090775988286966,0.5900268096514742,0.5188642925890274
2012-02-19,0.27829995913363303,0.062373462077558006,0.10009167075276615,0.5863759166345037,0.1985777034093288,0.5675067024128686,0.4434071222329168
2012-02-26,0.2888230486309764,0.06116648497118826,0.10776643144946396,0.5094558085681204,0.20192428362267334,0.4911528150134048,0.3263715110683352
2012-03-04,0.2993461381283202,0.06420339510979589,0.08288741552433532,0.5646854496333464,0.19205187199330664,0.4924396782841818,0.3633301251203074
2012-03-11,0.30986922762566405,0.08308674661267712,0.09463406314622524,0.569008104978773,0.20757163773269172,0.4923324396782842,0.40279114533205007
2012-03-18,0.3203923171230074,0.09620775580127705,0.09030635086447658,0.5941721343110768,0.20213344488600704,0.536514745308311,0.49846005774783464
2012-03-25,0.33091540662035124,0.10399470487463014,0.11420470292280482,0.5557313778463913,0.19845220665132768,0.5353351206434311,0.5111645813281998
2012-04-01,0.3414384961176946,0.10418937860146393,0.10360926940541937,0.5231184870706289,0.16837481698389478,0.49372654155495965,0.4392685274302215
2012-04-08,0.35196158561503843,0.10847220059180818,0.10655126100581969,0.5939405634890003,0.19489646517464987,0.5823056300268092,0.5344562078922044
2012-04-15,0.36248467511238225,0.10781030992057317,0.097831880103183,0.569972983404091,0.180757163773269,0.569758713136729,0.5223291626564004
2012-04-22,0.37300776460972607,0.12646005295125373,0.09188394056324212,0.5582014666152064,0.15281321899184253,0.5675067024128686,0.4658325312800775
2012-04-29,0.3835308541070699,0.12844572496495865,0.07325132709403714,0.5475106136626784,0.13465802133444837,0.5472386058981229,0.48026948989412865
2012-05-06,0.3940539436044137,0.1395421273944868,0.08708721512780615,0.573369355461212,0.14302447186780975,0.5771581769436995,0.5012512030798844
2012-05-13,0.4045770331017571,0.15632300264756271,0.11953439785106701,0.6240833654959475,0.15264588998117556,0.6753887399463805,0.5970163618864293
2012-05-20,0.4151001225991009,0.17181903130353526,0.14724881147803082,0.6868776534156695,0.20108763856933676,0.8150134048257369,0.7078922040423485
2012-05-27,0.4256232120964447,0.18447282354773398,0.16920715458247182,0.7383249710536472,0.22497385484208277,0.8805361930294899,0.752454282964389
2012-06-03,0.4361463015937881,0.18575767014483735,0.19244462446969512,0.8036279428791975,0.28943735620163125,1.0,0.8760346487006743
2012-06-10,0.4466693910911319,0.1868478430151066,0.18370392478734532,0.7608259359320724,0.2673499267935573,0.8547989276139409,0.8260827718960542
2012-06-17,0.4615447486718427,0.19646472512069768,0.1623851450742957,0.7224237746043998,0.2529177996235097,0.8193029490616617,0.7087584215591916
2012-06-24,0.47642010625255393,0.19642579037533103,0.17091265695951563,0.7263604785796991,0.23948964651746518,0.7998927613941014,0.7061597690086625
2012-07-01,0.49129546383326517,0.19264912007475465,0.1583345769288167,0.730297182554998,0.23727253712612395,0.7787667560321712,0.718383060635226
2012-07-08,0.5061708214139764,0.1824482167886622,0.14213230434689894,0.7878425318409881,0.24856724534616204,0.8108310991957097,0.8066410009624638
2012-07-15,0.5210461789946872,0.18758760317707512,0.14682243588376975,0.8462369741412581,0.2601129470822001,0.8660589812332438,0.8371511068334936
2012-07-22,0.5052250569210113,0.18135804391839272,0.13232566567889625,0.8415283674257044,0.22539217736875106,0.8187667560321712,0.8156881616939362
2012-07-29,0.4894039348473349,0.1814748481544931,0.1263564073592427,0.8057892705519101,0.21568709475005177,0.7534584450402142,0.7991337824831568
2012-08-05,0.47358281277365855,0.19062451331568286,0.11718933208263138,0.8285218062524122,0.24668479397615561,0.741018766756032,0.7525505293551493
2012-08-12,0.4577616906999822,0.18170845662669366,0.09862067495256577,0.8223465843303739,0.23836017569546097,0.7420911528150129,0.6660250240615975
2012-08-19,0.44194056862630626,0.18248715153402906,0.08625578271899714,0.7999999999999998,0.21882451370006262,0.7068096514745306,0.6777670837343592
2012-08-26,0.4261194465526299,0.18575767014483735,0.09663802843925229,0.7482825164029334,0.1975318970926585,0.6771045576407504,0.5788257940327242
2012-09-02,0.41029832447895354,0.1918314904220525,0.08983733771078928,0.717715167888846,0.19447814264798158,0.7113136729222513,0.5253128007699717
2012-09-09,0.40325673509163495,0.18478430151066805,0.07152450593728021,0.7263990737167116,0.17954402844593176,0.6391420911528147,0.5446583253128008
2012-09-16,0.39621514570431593,0.1810076312100919,0.03477092971198337,0.6269780007719024,0.13595482116711954,0.4848257372654152,0.41953801732435014
2012-09-23,0.3891735563169969,0.18322691169599736,0.05596179674675428,0.6410652257815515,0.12901066722443,0.569544235924933,0.45928777670837384
2012-09-30,0.3821319669296783,0.18505684472823547,0.0702240603747839,0.6539174064067925,0.1384647563271284,0.5634316353887399,0.44523580365736226
2012-10-07,0.37509037754235974,0.18143591340912624,0.06947790308482737,0.6377846391354689,0.14089102698180245,0.5195710455764071,0.4326275264677575
2012-10-14,0.3680487881550407,0.1884831023205108,0.06280512503464308,0.6409880355075259,0.15774942480652543,0.5478820375335118,0.4513955726660246
2012-10-21,0.3610071987677217,0.18490110574676843,0.08625578271899714,0.6206869934388268,0.16481907550721608,0.5385522788203754,0.4117420596727621
2012-10-28,0.35396560938040267,0.18384986762186573,0.1036945445242714,0.6573909687379387,0.1530642125078434,0.6078284182305627,0.5277189605389792
2012-11-04,0.3469240199930841,0.18614701759850494,0.0996866139382182,0.6685835584716324,0.1660740430872205,0.5887399463806964,0.45024061597690057
2012-11-11,0.3398824306057655,0.19704874630119917,0.11676295648837032,0.7073716711694322,0.18381091821794593,0.683753351206434,0.49566891241578404
2012-11-18,0.3328408412184465,0.20137050303691006,0.1120728249514995,0.6890775762253956,0.19037858188663437,0.6613404825737264,0.5249278152069303
2012-11-25,0.32579925183112746,0.21741161812801735,0.10352399428656689,0.6451563103049014,0.1817193055846058,0.5817694369973192,0.42396535129932555
2012-12-02,0.3187576624438089,0.21639931474848162,0.09734154816978258,0.6249710536472404,0.16837481698389478,0.5499195710455762,0.42646775745909515
2012-12-09,0.33796485492439743,0.20553652079115392,0.09444219412880805,0.6543419529139327,0.16954612005856484,0.5927077747989276,0.4268527430221365
2012-12-16,0.31623756981337703,0.206042672480922,0.07770695205406453,0.6092628328830565,0.15168374816983876,0.5095978552278817,0.38344562078922007
2012-12-23,0.29451028470235663,0.20160411150911073,0.09158547764725933,0.5712080277884986,0.13507634386111667,0.4596246648793567,0.29008662175168354
2012-12-30,0.27278299959133623,0.19042983958884918,0.10092310316157471,0.5790428406020838,0.14888098724116272,0.4794638069705095,0.31665062560153956
2013-01-06,0.2523089497343687,0.19093599127861693,0.09194789690238148,0.6291007333076033,0.16799832670989323,0.552386058981233,0.3585178055822906
2013-01-13,0.2318348998774007,0.18747079894097496,0.07642782527128134,0.5771902740254728,0.15080527086383588,0.4720643431635385,0.28825794032723806
2013-01-20,0.21136085002043314,0.19085812178788342,0.08966678747308521,0.592724816673099,0.18502405354528317,0.4963002680965145,0.34841193455245456
2013-01-27,0.19088680016346515,0.18544619218190306,0.12401134159080707,0.6082593593207255,0.20083664505333587,0.48536193029490615,0.2646775745909524
2013-02-03,0.1704127503064976,0.16815916523905938,0.1097064404033512,0.5362022385179466,0.19849403890399486,0.44450402144772116,0.19913378248315716
2013-02-10,0.19439619942787045,0.15752997975393235,0.1087257765365508,0.5868390582786569,0.20380673499267932,0.49479892761394106,0.2786333012512028
2013-02-17,0.21837964854924374,0.15702382806416448,0.11633658089410925,0.6059436510999614,0.2576448441748589,0.5323324396782838,0.30067372473532217
2013-02-24,0.24236309767061703,0.16107304158230806,0.15471038437759788,0.6344268622153604,0.2913616398243044,0.5380160857908844,0.40991337824831575
2013-03-03,0.2663465467919903,0.16858744743809373,0.18242479800456213,0.6778077962176763,0.33900857561179665,0.5812332439678283,0.5016361886429257
2013-03-10,0.29032999591336317,0.15593365519389502,0.17261815933655944,0.6852566576611343,0.34001254967579975,0.5498123324396782,0.4326275264677575
2013-03-17,0.3143134450347369,0.16231895343404446,0.1540708209862065,0.6725202624469317,0.3185107718050615,0.561072386058981,0.49980750721847933
2013-03-24,0.33829689415610975,0.17913876343248702,0.16195876948003507,0.6825935932072555,0.31173394687303935,0.6219839142091148,0.5640038498556299
2013-03-31,0.3622803432774826,0.1766858744743809,0.14682243588376975,0.7181011192589732,0.31901275883706326,0.6608042895442354,0.6059672762271422
2013-04-07,0.3506334286881896,0.17902195919638686,0.14213230434689894,0.667618680046314,0.3006483999163354,0.61769436997319,0.49730510105870973
2013-04-14,0.3389865140988966,0.16558947204485275,0.13616304602724538,0.6402547279042836,0.27985777034093307,0.5316890080428949,0.47699711260827726
2013-04-21,0.32733959950960356,0.17882728546955295,0.1640906474513395,0.6256271709764567,0.2817820539636058,0.512493297587131,0.5344562078922044
2013-04-28,0.31569268492031055,0.17403831178944096,0.1530048820005545,0.6864145117715168,0.259736456808199,0.5908847184986592,0.6026948989412899
2013-05-05,0.2887208827135268,0.17699735243731518,0.13509710704159295,0.6432651485912775,0.24593181342815296,0.5458445040214475,0.5430221366698751
2013-05-12,0.29058030241111554,0.1818641956081607,0.13125972669324426,0.7361636433809338,0.2758837063375865,0.5810187667560323,0.5367661212704524
2013-05-19,0.2924397221087043,0.18478430151066805,0.1689939667853415,0.775993824778078,0.30248901903367464,0.635067024128686,0.5982675649663136
2013-05-26,0.29429914180629346,0.19167575144058546,0.18157204681604,0.7608645310690849,0.327086383601757,0.6392493297587132,0.5597690086621752
2013-06-02,0.2961585615038822,0.22329076467839892,0.18093248342464863,0.6877846391354687,0.302196193265007,0.6881501340482572,0.5941289701636183
2013-06-09,0.2980179812014714,0.22959819342781507,0.16025326710299126,0.6147047472018525,0.24220874294080774,0.642037533512064,0.49817131857555363
2013-06-16,0.2998774008990601,0.22348543840523283,0.14618287249237838,0.6173678116557313,0.23413511817611354,0.5735120643431633,0.48748796920115556
2013-06-23,0.30173682059664886,0.2735944556922598,0.19564244142665288,0.6316866074874565,0.2648399916335493,0.6819302949061661,0.7352261790182872
2013-06-30,0.3035962402942376,0.2553729948606136,0.21418977977700537,0.6830181397143962,0.29801296799832633,0.716032171581769,0.7613089509143407
2013-07-07,0.3054556599918268,0.27118050147952033,0.2218645404737032,0.7416827479737553,0.3508052708638356,0.7264343163538869,0.9008662175168434
2013-07-14,0.3073150796894155,0.27760473446503664,0.1930841878610865,0.7106908529525278,0.32532942898975126,0.7135656836461122,0.8027911453320513
2013-07-21,0.29423784225582317,0.2606681202304938,0.19116549768691238,0.6778463913546893,0.2978038067349926,0.6302412868632707,0.7213666987487963
2013-07-28,0.28116060482223126,0.269078025229715,0.171552220350907,0.6324585102277114,0.2729554486509098,0.5868096514745305,0.667661212704524
2013-08-04,0.26808336738863936,0.2949306961532471,0.19649519261517456,0.6622539560015439,0.31729763647772424,0.6158713136729217,0.6934552454282965
2013-08-11,0.256640784634246,0.2821600996729481,0.17283134713368975,0.5951756078734078,0.2509516837481698,0.5179624664879352,0.585659287776708
2013-08-18,0.24519820187985264,0.3089472044852827,0.17965335664186588,0.6167116943265145,0.23221083455344038,0.5587131367292226,0.6605389797882575
2013-08-25,0.23375561912545928,0.32977729325650207,0.23188436693883618,0.6138556541875722,0.2475214390294913,0.5582841823056297,0.7928777670837341
2013-09-01,0.26072742133224347,0.31069926802678716,0.2237832306478773,0.6322269394056348,0.25563689604685225,0.6141554959785522,0.8432146294513965
2013-09-08,0.2399536847840893,0.2973446503659867,0.20267763873195888,0.6857197993052875,0.24183225266680575,0.6712064343163537,0.8311838306063528
2013-09-15,0.21917994823593512,0.2827441208534496,0.1819984224103015,0.6351987649556157,0.19924701945199708,0.5572117962466483,0.6565928777670837
2013-09-22,0.19840621168778094,0.25743653636505215,0.1713390325537767,0.5638363566190661,0.167872829951893,0.5162466487935657,0.6618864292589031
2013-09-29,0.18712709440130793,0.2749571717800966,0.17858741765621344,0.5344654573523737,0.15231123195984075,0.5091689008042892,0.7207892204042352
2013-10-06,0.17584797711483446,0.25233608472200586,0.18114567122177894,0.5265920494017751,0.16285295963187574,0.4767828418230562,0.7051973051010583
2013-10-13,0.164568859828361,0.24275813736178165,0.19372375125247832,0.5457738324971055,0.17452415812591493,0.4745308310991958,0.7265640038498553
2013-10-20,0.15328974254188799,0.2330244510200904,0.17389728611934263,0.5237360092628327,0.14017987868646697,0.43613941018766766,0.6557266602502407
2013-10-27,0.14201062525541452,0.24637906868089088,0.20416995331187238,0.5016595908915473,0.1432336331311439,0.41801608579088434,0.6441770933589996
2013-11-03,0.14505516959542275,0.27184239215075534,0.20182488754343675,0.5604399845619454,0.17812173185526037,0.48493297587131323,0.6938402309913378
2013-11-10,0.14809971393543098,0.2901417224731351,0.20779414586309075,0.5775376302585871,0.15800041832252631,0.4973726541554955,0.8181905678537067
2013-11-17,0.1511442582754392,0.29609873851425017,0.20971283603726532,0.5825549980702434,0.1600083664505334,0.4924396782841818,0.8614051973051007
2013-11-24,0.15418880261544743,0.28566422675595693,0.22612829641631293,0.5560980316480122,0.13863208533779536,0.48986595174262737,0.8025986525505298
2013-12-01,0.1572333469554552,0.29870736645382334,0.23337668151875013,0.5296410652257819,0.11591717213971986,0.4735656836461124,0.8429258902791146
2013-12-08,0.16027789129546388,0.3139308518922286,0.24915257850640593,0.4979544577383255,0.11587533988705312,0.4519034852546917,0.9017324350336864
2013-12-15,0.1633224356354721,0.30291231895343407,0.2504317052891891,0.47993052875337705,0.1276720351390921,0.4249865951742624,0.9124157844080845
2013-12-22,0.16636697997548033,0.3215231272387479,0.25831965378301724,0.508529525279815,0.11395105626437951,0.43099195710455707,0.8916265640038494
2013-12-29,0.16941152431548856,0.3117115714063229,0.2523503954633637,0.4605171748359709,0.09010667224430025,0.382627345844504,0.845332050048123
2014-01-05,0.17245606865549679,0.31961532471577636,0.2412646300125778,0.5269008104978772,0.1045387994143483,0.20414919443831447,0.4332524271844669
2014-01-12,0.16933660264269168,0.3267793178632611,0.29754620845502755,0.5483211115399458,0.10583559924701946,0.32200397263297376,0.5
2014-01-19,0.16621713662988702,0.31599439339666713,0.3173726735881637,0.5462369741412583,0.10085756117966937,0.30412712425513266,0.46419902912621414
2014-01-26,0.16309767061708236,0.3339822457561128,0.3371991387212998,0.4984561945194903,0.09056682702363528,0.2639593908629445,0.45995145631068013
2014-02-02,0.15997820460427725,0.34083476094066345,0.365553115739655,0.53187958317252,0.09864045178832859,0.2780843080997579,0.6080097087378649
2014-02-09,0.1568587385914726,0.32432642890515484,0.33869145330121286,0.5218062524121958,0.11871993306839546,0.2275435886117858,0.47815533980582625
2014-02-16,0.15373927257866793,0.32786949073353056,0.314601232225467,0.48355847163257426,0.060154779334867126,0.16089163540057427,0.3695388349514577
2014-02-23,0.15061980656586282,0.3205108238592119,0.35915748182574037,0.4762253956001543,0.06467266262288174,0.2207018318252043,0.4490291262135928
2014-03-02,0.14750034055305816,0.3004983647406946,0.3491376553606069,0.4381319953685838,0.058816147249529216,0.1322003972632979,0.3234223300970882
2014-03-09,0.1443808745402535,0.30271764522660016,0.32057049054512143,0.4289077576225391,0.05099351600083679,0.08320459059810226,0.2554611650485441
2014-03-16,0.1412614085274484,0.31634480610496807,0.342528833649562,0.4127363952142029,0.07734783518092447,0.11123372323990388,0.22997572815534006
2014-03-23,0.13814194251464373,0.30318486217100127,0.3668322425224382,0.4543805480509455,0.09349508471031154,0.12226881483116347,0.22876213592233086
2014-03-30,0.13502247650183907,0.2786170378445725,0.3320826315901675,0.4607101505210345,0.07153315206023825,0.09379827852571232,0.11468446601941817
2014-04-06,0.13190301048903397,0.27826662513627165,0.32867162683607987,0.48927055191045943,0.08081991215226925,0.11763407636283407,0.21662621359223344
2014-04-13,0.1287835444762293,0.2558791465503816,0.3173726735881637,0.42593593207255864,0.05676636686885583,0.04436106819686714,0.11893203883495218
2014-04-20,0.1256640784634242,0.26740383117894406,0.3259001854733836,0.4339637205712079,0.04534616189081753,0.04899580666519565,0.16686893203883546
2014-04-27,0.13441629205830274,0.26319887867933334,0.32781887564755774,0.4350636819760707,0.04526249738548449,0.041050540719488104,0.18507281553398158
2014-05-04,0.1431685056531804,0.26288740071639927,0.316519922399642,0.43616364338093394,0.0353482535034515,0.0,0.13410194174757262
2014-05-11,0.1519207192480585,0.2570082541660177,0.2877395697870253,0.4552682362022389,0.03731436937879096,0.033546678437431865,0.14502427184466082
2014-05-18,0.16067293284293704,0.25802055754555375,0.2977593962521583,0.4832111153994596,0.045220665132817306,0.08717722357095692,0.14623786407767003
2014-05-25,0.1694251464378147,0.2586435134714219,0.3028759033832906,0.49988421458896193,0.040535452834134844,0.08099757227985016,0.22269417475728304
2014-06-01,0.17817736003269324,0.2625759227534652,0.28901869656980805,0.5040138942493244,0.056264379836854506,0.08077687044802495,0.27973300970873805
2014-06-08,0.1790355537392725,0.2735944556922598,0.30777922271729174,0.4897722886916247,0.04279439447814237,0.046568086515118345,0.23968446601941817
2014-06-15,0.17989374744585174,0.2665083320355085,0.29179013793250475,0.5152836742570437,0.022756745450742244,0.10659898477157448,0.1286407766990303
2014-06-22,0.18075194115243143,0.26425011680423616,0.28432856503293724,0.4989193361636435,0.011713030746705932,0.07834915029794853,0.09587378640776745
2014-06-29,0.18161013485901067,0.26425011680423616,0.28432856503293724,0.4989193361636435,0.011713030746705932,0.07834915029794853,0.09587378640776745
2014-07-06,0.18246832856559037,0.26425011680423616,0.28432856503293724,0.4989193361636435,0.011713030746705932,0.07834915029794853,0.09587378640776745
2014-07-13,0.18083367388639138,0.2615246846285625,0.24744707612936256,0.4897722886916247,0.0,0.10902670492165178,0.0
2014-07-20,0.19761158788539257,0.2653402896745055,0.26961860703093343,0.5078734079505982,0.004768876804015942,0.18362392407856998,0.10861650485436947
2014-07-27,0.21438950188439332,0.2653402896745055,0.26961860703093343,0.5078734079505982,0.004768876804015942,0.18362392407856998,0.10861650485436947
2014-08-03,0.2311674158833945,0.2653402896745055,0.26961860703093343,0.5078734079505982,0.004768876804015942,0.18362392407856998,0.10861650485436947
2014-08-10,0.2479453298823957,0.2653402896745055,0.26961860703093343,0.5078734079505982,0.004768876804015942,0.18362392407856998,0.10861650485436947
2014-08-17,0.26472324388139645,0.2653402896745055,0.26961860703093343,0.5078734079505982,0.004768876804015942,0.18362392407856998,0.10861650485436947
2014-08-24,0.28150115788039765,0.28075844883974455,0.31481442002259774,0.5400038595137011,0.07998326709893311,0.27676009710880667,0.33009708737864063
2014-08-31,0.29827907187939884,0.26903909048434815,0.2928560769181572,0.5721343110768045,0.07923028655093045,0.3136173030236158,0.366504854368932
2014-09-07,0.3150569858783996,0.26954524217411613,0.29797258404928906,0.6384793516016978,0.12357247437774532,0.4433899801368355,0.4356796116504862
2014-09-14,0.3318348998774008,0.29325650210247634,0.33655957532990843,0.650675414897723,0.13357038276511135,0.4915029794747303,0.549757281553398
2014-09-21,0.3508377605230897,0.31455380781809694,0.31929136376233824,0.6662292551138553,0.11654465592972185,0.498565438093137,0.570995145631068
2014-09-28,0.36280252463333795,0.33853761096402424,0.3478585285778242,0.7015824006175224,0.12160635850240542,0.5711763407636292,0.796723300970875
2014-10-05,0.3747672887435862,0.36548045475782587,0.36299486217408905,0.7407564646854494,0.16025935996653384,0.6554844405208566,0.8404126213592233
2014-10-12,0.38673205285383494,0.3372527643669211,0.3659794913339156,0.7352373600926283,0.16548839154988482,0.6334142573383366,0.8810679611650487
2014-10-19,0.3986968169640832,0.35130820744432323,0.37557294220478843,0.6765341566962562,0.15168374816983876,0.5457956301037301,0.7566747572815533
2014-10-26,0.4106615810743315,0.3652468462856253,0.3687509326966123,0.7193361636433808,0.162811127379209,0.6506290002207029,0.8440533980582527
2014-11-02,0.42262634518457975,0.3499844261018532,0.38239495171296367,0.761134697028174,0.17607195147458654,0.721915691900243,0.8925970873786406
2014-11-09,0.43459110929482847,0.4000934433888802,0.4160786236595815,0.7662292551138554,0.2008784773060026,0.8373427499448249,1.0
2014-11-16,0.44655587340507674,0.4160956237346206,0.4054192338030571,0.7713238131995364,0.2287387575820956,0.7967336128889873,0.842233009708738
2014-11-23,0.458520637515325,0.38740071639931484,0.37941032255313667,0.7783095329988421,0.2240117130307464,0.8360185389538746,0.7791262135922334
2014-11-30,0.4678688189619944,0.38794580283444946,0.4086170507600144,0.7582014666152062,0.22171093913407258,0.7678216729198857,0.8373786407766994
2014-12-07,0.47721700040866377,0.3977184239215076,0.40797748736862305,0.7955229641065222,0.22342606149341115,0.852129772677114,0.9375
2014-12-14,0.48656518185533315,0.4293723719046877,0.4476304176348944,0.7655731377846386,0.21936833298473069,0.8585301258000451,0.8907766990291259
2014-12-21,0.49591336330200253,0.4264522660021802,0.4510414223889825,0.8265148591277498,0.22986822840409982,0.9805782387993824,0.921723300970875
2014-12-28,0.5121631213300928,0.4441286403986918,0.45018867120046036,0.840679274411424,0.24915289688349684,1.0000000000000009,0.9684466019417481
2015-01-04,0.5284128793581826,0.44370035819965736,0.46937557294220467,0.8952527981474332,0.26592763020288634,0.2880285277636272,0.10546241211465635
2015-01-11,0.5446626373862733,0.42972278461298863,0.49879548894621273,0.9664222307989188,0.3183016105417278,0.39656987604007377,0.12371552190373158
2015-01-18,0.5609123954143636,0.42972278461298863,0.49879548894621273,0.9664222307989188,0.3183016105417278,0.39656987604007377,0.12371552190373158
2015-01-25,0.5771621534424538,0.42972278461298863,0.49879548894621273,0.9664222307989188,0.3183016105417278,0.39656987604007377,0.12371552190373158
2015-02-01,0.5934119114705436,0.43229247780719515,0.680005116507131,0.6162099575453492,0.33587115666178624,0.702054678213619,0.01933477555435381
2015-02-08,0.6096616694986339,0.46780096558168494,0.63203786215277,0.5941335391740639,0.28747124032629134,0.5813211071489199,0.020686857760951582
2015-02-15,0.6259114275267246,0.5033873228469085,0.6454686933719911,0.6289849478965652,0.27684584814892244,0.47902869757174393,0.03758788534342816
2015-02-22,0.6421611855548148,0.5128095312256659,0.6343829279212057,0.7038209185642605,0.27722233842292443,0.41120733571064605,0.032855597620335075
2015-03-01,0.6584109435829051,0.5236723251829932,0.6333169889355537,0.6945580856812041,0.26521648190755087,0.3918831720156213,0.0
2015-03-08,0.6746607016109949,0.5653325027254322,0.6365148058925105,0.8093786182940947,0.3115247856097052,0.3213109186619114,0.001892915089236169
2015-03-15,0.6909104596390852,0.6433577324404299,0.6936491355234828,0.9297568506368199,0.3866973436519556,0.37320427916454335,0.04651162790697683
2015-03-22,0.7071602176671758,0.6433577324404299,0.6936491355234828,0.9297568506368199,0.3866973436519556,0.37320427916454335,0.04651162790697683
2015-03-29,0.7234099756952661,0.6433577324404299,0.6936491355234828,0.9297568506368199,0.3866973436519556,0.37320427916454335,0.04651162790697683
2015-04-05,0.7396597337233564,0.6285235944556923,0.6744622337817381,0.8589862344011321,0.382430453879941,0.2398709458312105,0.05124391563007169
2015-04-12,0.7559094917514462,0.6285235944556923,0.6744622337817381,0.7882156181654443,0.382430453879941,0.2398709458312105,0.05124391563007169
2015-04-19,0.7721592497795369,0.5675128484659709,0.5778881616816256,0.7174450019297565,0.34135118176113766,0.025437255900831346,0.026095186587343555
2015-04-26,0.7884090078076271,0.5527955147173337,0.56253864028823,0.7286761868004628,0.32332148086174417,0.04038037018169405,0.03434288804759422
2015-05-03,0.8046587658357174,0.5488631054352905,0.5414330483723111,0.6510999614048631,0.2671407655302236,0.046663270504328835,0.08585722011898245
2015-05-10,0.8036731652203182,0.5488631054352905,0.5414330483723111,0.6510999614048631,0.2671407655302236,0.046663270504328835,0.08585722011898245
2015-05-17,0.8026875646049185,0.567824326428905,0.5450572409235295,0.6072558857583945,0.21941016523739787,0.002309390388859356,0.05868036776636121
2015-05-24,0.8017019639895193,0.5784924466593987,0.5798068518557997,0.6437282902354302,0.23120686048943728,0.0,0.07896160086533133
2015-05-31,0.8007163633741197,0.6203862326740383,0.6316114865585094,0.6806638363566191,0.2983057937669944,0.08001358464934505,0.08031368307193087
2015-06-07,0.7997307627587205,0.6164538233919951,0.6437631909949473,0.6473562331146274,0.2850868019242836,0.20251316012905285,0.13399134667387713
2015-06-14,0.7987451621433213,0.5999844261018533,0.6017651949602403,0.6294866846777305,0.2577285086801919,0.1719137374766504,0.16603569497025372
2015-06-21,0.7977595615279212,0.5896667185796606,0.594943185452065,0.6116171362408336,0.19774105835599265,0.14657836644591526,0.13656030286641396
2015-06-28,0.796773960912522,0.6171157140632301,0.6149828383823306,0.6418371285218063,0.2165237398033879,0.1748344370860906,0.14372633856138428
2015-07-05,0.7957883602971223,0.608666874318642,0.6612445903596478,0.6828251640293321,0.23400962141811332,0.19483783324842818,0.13831800973499142
2015-07-12,0.7948027596817231,0.6352982401495094,0.6876798772038288,0.6531840988035507,0.25233214808617443,0.2150789607743242,0.14548404542996174
2015-07-19,0.7938171590663234,0.6271219436224887,0.7456669580233228,0.7396372057120804,0.23919682074879667,0.23212769570385383,0.15778799351000483
2015-07-26,0.7928315584509242,0.6930774022737892,0.7697571790990683,0.7513315322269394,0.2598201213135325,0.28544744438784164,0.20740941049215866
2015-08-02,0.791845957835525,0.7077947360224263,0.760590103822457,0.7604785796989577,0.24225057519347404,0.37147223637289883,0.22944835045970713
2015-08-09,0.7908603572201254,0.7680267871048122,0.7678384889248941,0.8303743728290236,0.25245764484417466,0.48045508575309803,0.231070849107625
2015-08-16,0.7898747566047262,0.7579037533094534,0.7597373526339353,0.7996912389038981,0.2321271700481069,0.5036508745118002,0.28745267712276856
2015-08-23,0.7888891559893265,0.7579037533094534,0.7597373526339353,0.7996912389038981,0.2321271700481069,0.5036508745118002,0.28745267712276856
2015-08-30,0.7879035553739273,0.7832113377978508,0.8081309825825569,0.744075646468545,0.2744614097469147,0.5777551366955329,0.3624932395889662
2015-09-06,0.7943400081732737,0.865636193739293,0.7993902829002071,0.798340409108452,0.3039113156243465,0.5927322125997616,0.368848025959978
2015-09-13,0.8007764609726196,0.890359757047189,0.8064254802055131,0.8208027788498646,0.26885588788956305,0.6098828323993892,0.3773661438615479
2015-09-20,0.8072129137719655,0.9079971966983337,0.7561131600827169,0.7309532998842148,0.23007738966743396,0.5363559178128696,0.30827474310438063
2015-09-27,0.8136493665713118,0.909904999221305,0.8170848700620374,0.822693940563489,0.3129052499477094,0.5303786721005253,0.36763115197403984
2015-10-04,0.8200858193706577,0.9539401962311164,0.8013089730743812,0.8199922809725972,0.31462037230704887,0.555544235014434,0.3657382368848019
2015-10-11,0.8265222721700041,0.8549680735087993,0.7367130705438423,0.7514859127749904,0.28362267308094546,0.3743250127356088,0.22863710113574864
2015-10-18,0.83295872496935,0.8960442298707366,0.7347943803696677,0.7147819374758781,0.2653419786655511,0.40159619629818266,0.2660897782585172
2015-10-25,0.8393951777686963,0.9115013237813424,0.7646406719679364,0.8006561173292162,0.27220246810290716,0.4025471217524199,0.3373445105462407
2015-11-01,0.8458316305680427,0.9050381560504593,0.7876649540580294,0.8609803164801235,0.2835808408282787,0.4764136525725924,0.36668469442942087
2015-11-08,0.852268083367389,0.8719046877433422,0.7932078367834228,0.8898880741026631,0.3198912361430666,0.4670742061470534,0.3921038399134664
2015-11-15,0.8587045361667349,0.8726444479053107,0.8153793676849936,0.9096873793901965,0.30437147040368107,0.5636610629988095,0.41846944294213007
2015-11-22,0.8651409889660813,0.8399003270518611,0.8170848700620374,0.9583172520262444,0.30023007738966756,0.5040244523688227,0.40170362358031486
2015-11-29,0.8715774417654272,0.8399003270518611,0.8170848700620374,0.9583172520262444,0.30023007738966756,0.5040244523688227,0.40170362358031486
2015-12-06,0.8780138945647735,0.8658308674661267,0.8222013771931698,0.8949054419143185,0.31964024262706525,0.5941246391577515,0.412790697674418
2015-12-13,0.8844503473641194,0.8953044697087681,0.8919137868548406,0.8558085681204166,0.3163354946663879,0.6683307862115804,0.46308815575986984
2015-12-20,0.8908868001634658,0.8953044697087681,0.8919137868548406,0.8558085681204166,0.3163354946663879,0.6683307862115804,0.46308815575986984
2015-12-27,0.8919084593379649,0.9295670456315214,0.9358304730637212,0.8522578155152449,0.3621836435892072,0.688266259127186,0.4085992428339633
2016-01-03,0.8937065794850838,0.9295670456315214,0.9358304730637212,0.8522578155152449,0.3621836435892072,0.688266259127186,0.4085992428339633
2016-01-10,0.8955046996322027,0.9611820588693348,0.9861427931865183,0.9016209957545347,0.4267308094540887,0.8154525386313445,0.4215792320173062
2016-01-17,0.8973028197793216,0.9611820588693348,0.9861427931865183,0.9016209957545347,0.4267308094540887,0.8154525386313445,0.4215792320173062
2016-01-24,0.8991009399264405,0.9999999999999999,1.0,0.9525279814743337,0.4771805061702574,1.0,0.4998647917793395
2016-01-31,0.9008990600735594,0.974419872294035,0.9782548446926898,0.9810883828637587,0.48366450533361194,0.8775683477670224,0.4958085451595453
2016-02-07,0.8432774826317941,0.9054664382494938,0.9104611252051931,0.867155538402161,0.43103953147877005,0.9084394634063511,0.4770146024878308
2016-02-14,0.7856559051900285,0.952071328453512,0.9471294263116379,0.8040524893863372,0.4406609495921354,0.9994226524027852,0.47011898323417967
2016-02-21,0.8004699632202694,0.9690468774334214,0.9134457543650201,0.8744886144345809,0.48642543400962124,0.9084734250297153,0.48620876149269954
2016-02-28,0.8152840212505108,0.9289051549602864,0.8667576267934423,0.8749517560787337,0.5495084710311646,0.863542197317031,0.46930773391022296
2016-03-06,0.8300980792807522,0.8444167575144058,0.839043213166478,0.8766499421072944,0.5112319598410373,0.7828493802003731,0.3731746890210914
2016-03-13,0.8449121373109931,0.8135415044385609,0.8042936022342078,0.8525665766113466,0.4834553440702778,0.6730854134827648,0.3339643050297454
2016-03-20,0.8316305680425011,0.8033406011524685,0.7435350800520175,0.7787726746429948,0.44409119431081345,0.5908982849380191,0.32287723093564047
2016-03-27,0.8183489987740087,0.8373306338576546,0.8117551751337753,0.8054419143187959,0.5170466429617235,0.668059093224656,0.3222011898323407
2016-04-03,0.8050674295055171,0.8373306338576546,0.8117551751337753,0.8054419143187959,0.5170466429617235,0.668059093224656,0.3222011898323407
2016-04-10,0.7917858602370251,0.818992368789908,0.766985737736372,0.7912774990351212,0.5285505124450953,0.58865681779589,0.2904272579772842
2016-04-17,0.7785042909685331,0.7541660177542439,0.724987741701665,0.777113083751447,0.5065467475423553,0.5586347427407024,0.28407247160627325
2016-04-24,0.7652227217000411,0.7854306182837564,0.6936491355234828,0.808761096101891,0.46601129470822045,0.5399218882662584,0.3685776095186579
2016-05-01,0.7519411524315487,0.7519856720137051,0.6497324493146008,0.760169818602856,0.4189081782053963,0.4819833588045501,0.39129259058950794
2016-05-08,0.7386595831630567,0.7802133624046098,0.724561366107404,0.7813971439598606,0.44308722024681035,0.5572083545593483,0.42293131422390484
2016-05-15,0.7602506470508104,0.7524139542127396,0.7252009294987953,0.791779235816287,0.45982012131353267,0.5177109865851577,0.3539751216873981
2016-05-22,0.7818417109385645,0.7762809531225664,0.7729549960560256,0.8689309147047468,0.42794394478142683,0.5687553065036504,0.37155219037317355
2016-05-29,0.8034327748263181,0.7762809531225664,0.7729549960560256,0.8689309147047468,0.42794394478142683,0.5687553065036504,0.37155219037317355
2016-06-05,0.8072015620033604,0.790453200436069,0.7682648645191548,0.8659976842917789,0.45505124450951673,0.5818305314994046,0.3289616008653322
2016-06-12,0.8109703491804026,0.7267948917614079,0.6966337646833094,0.7588961790814355,0.46082409537753577,0.49848870776022913,0.26433207138993975
2016-06-19,0.8147391363574448,0.7424077246534807,0.7292514976442748,0.7524507912003084,0.4845011503869485,0.5126167430803186,0.3255813953488369
2016-06-26,0.8185079235344865,0.7424077246534807,0.7292514976442748,0.7524507912003084,0.4845011503869485,0.5126167430803186,0.3255813953488369
2016-07-03,0.8222767107115292,0.6482245756112753,0.7339416291811456,0.7979930528753378,0.7058774314996863,0.47590422822210954,0.40197404002163317
2016-07-10,0.826045497888571,0.6944401183616259,0.7533417187200202,0.8270165959089155,0.7777870738339256,0.4778740023773125,0.4291508923742562
2016-07-17,0.8298142850656136,0.6628251051238124,0.7217899247447073,0.8225395600154379,0.6870110855469567,0.4486670062828999,0.35924824229313046
2016-07-24,0.8335830722426554,0.6628251051238124,0.7217899247447073,0.8225395600154379,0.6870110855469567,0.4486670062828999,0.35924824229313046
2016-07-31,0.8373518594196976,0.673181747391372,0.7878781418551606,0.8012350443844074,0.7335703827651119,0.5773815588385123,0.42631151974039927
2016-08-07,0.8302878159845877,0.6341301977885064,0.7552604088941948,0.7967966036279428,0.7367078017151223,0.5171336389879428,0.3858842617631151
2016-08-14,0.8232237725494778,0.6264600529512537,0.7450273946319315,0.8085681204168274,0.7826396151432755,0.49913397860417597,0.34383450513791214
2016-08-21,0.8161597291143678,0.6264600529512537,0.7450273946319315,0.8085681204168274,0.7826396151432755,0.49913397860417597,0.34383450513791214
2016-08-28,0.8090956856792575,0.6264600529512537,0.7450273946319315,0.8085681204168274,0.7826396151432755,0.49913397860417597,0.34383450513791214
2016-09-04,0.8020316422441471,0.6264600529512537,0.7450273946319315,0.8085681204168274,0.7826396151432755,0.49913397860417597,0.34383450513791214
2016-09-11,0.7949675988090372,0.6581529356798007,0.7411900142835823,0.7995368583558471,0.6957540263543192,0.48758702665987386,0.44726879394267094
2016-09-18,0.7879035553739273,0.6581529356798007,0.7411900142835823,0.7995368583558471,0.6957540263543192,0.48758702665987386,0.44726879394267094
2016-09-25,0.7975443028569309,0.642656907023828,0.7593109770396742,0.7894249324585103,0.7808826605312698,0.45790456783834266,0.5436722552731199
2016-10-02,0.807185050339934,0.642656907023828,0.7593109770396742,0.7894249324585103,0.7808826605312698,0.45790456783834266,0.5436722552731199
2016-10-09,0.8168257978229376,0.656400872138296,0.8081309825825569,0.8347742184484752,0.949424806525831,0.4219052470708107,0.5870740941049206
2016-10-16,0.8264665453059403,0.6335461766080049,0.7857462638838553,0.8623311462755692,0.9751516419159167,0.43959925284428536,0.5884261763115193
2016-10-23,0.8361072927889439,0.6233452733219124,0.7991770951030763,0.8803550752605167,0.9888726207906298,0.41979962642214197,0.5770686857760952
2016-10-30,0.845748040271947,0.6371671079271141,0.8332871426439548,0.8783095329988422,1.0,0.43932755985736094,0.6076257436452135
2016-11-06,0.8553887877549502,0.6585422831334683,0.8426674057176964,0.7909687379390196,0.9055427734783521,0.4767532688062488,0.6091130340724709
2016-11-13,0.8650295352379538,0.7237190468774334,0.855032297951265,0.8411038209185642,0.8609495921355363,0.5250806588554919,0.6777988101676575
2016-11-20,0.8746702827209569,0.7156595545865129,0.8601488050823969,0.9316866074874564,0.9498012967998326,0.49910001698080997,0.7493239588967011
2016-11-27,0.8843110302039605,0.7156595545865129,0.8601488050823969,0.9316866074874564,0.9498012967998326,0.49910001698080997,0.7493239588967011
2016-12-04,0.8939517776869632,0.7156595545865129,0.8601488050823969,0.9316866074874564,0.9498012967998326,0.49910001698080997,0.7493239588967011
2016-12-11,0.9035925251699668,0.7157763588226133,0.7880913296522909,0.9741412582014664,0.8818238862162726,0.44628969264730856,0.7846133044889125
2016-12-18,0.9132332726529699,0.7157763588226133,0.7880913296522909,0.9741412582014664,0.8818238862162726,0.44628969264730856,0.7846133044889125
2016-12-25,0.9228740201359735,0.6678476872761253,0.8599356172852666,1.0,0.9715959004392385,0.3820003396162335,0.7781233098972411
2017-01-01,0.9325147676189767,0.6678476872761253,0.8599356172852666,1.0,0.9715959004392385,0.3820003396162335,0.7781233098972411
2017-01-08,0.9421555151019803,0.6678476872761253,0.8599356172852666,1.0,0.9715959004392385,0.3820003396162335,0.7781233098972411
2017-01-15,0.9517962625849834,0.6403986917925556,0.7804165689555931,0.9681590119644921,0.991800878477306,0.3164544065206307,0.7640616549486197
2017-01-22,0.961437010067987,0.6393863884130196,0.8296629500927364,0.9363180239289846,0.9636896046852121,0.3328239089828493,0.8147647376960512
2017-01-29,0.9710777575509897,0.6393863884130196,0.8296629500927364,0.9363180239289846,0.9636896046852121,0.3328239089828493,0.8147647376960512
2017-02-05,0.9807185050339933,0.6393863884130196,0.8296629500927364,0.9363180239289846,0.9636896046852121,0.3328239089828493,0.8147647376960512
2017-02-12,0.9903592525169964,0.6393863884130196,0.8296629500927364,0.9363180239289846,0.9636896046852121,0.3328239089828493,0.8147647376960512
2017-02-19,1.0,0.6393863884130196,0.8296629500927364,0.9363180239289846,0.9636896046852121,0.3328239089828493,0.8147647376960512
2017-02-26,0.989987740089906,0.5978040803613144,0.773594559447417,0.9166345040524893,0.8885588788956285,0.27434199354729216,0.8343699296917251
2017-03-05,0.979975480179812,0.5978040803613144,0.773594559447417,0.9166345040524893,0.8885588788956285,0.27434199354729216,0.8343699296917251
2017-03-12,0.9699632202697179,0.6320666562840679,0.8578037393139617,0.9517560787340789,0.9978665551139927,0.30860927152317785,0.8396430502974574
2017-03-19,0.9599509603596244,0.6320666562840679,0.8578037393139617,0.9517560787340789,0.9978665551139927,0.30860927152317785,0.8396430502974574
2017-03-26,0.9499387004495299,0.6147017598504906,0.8296629500927364,0.8708992666923967,0.9093076762183641,0.2398709458312105,0.836262844780963
2017-04-02,0.9399264405394363,0.6147017598504906,0.8296629500927364,0.8708992666923967,0.9093076762183641,0.2398709458312105,0.836262844780963
2017-04-09,0.9399264405394363,0.6147017598504906,0.8296629500927364,0.8708992666923967,0.9093076762183641,0.2398709458312105,0.836262844780963
2017-04-16,0.9258275439313448,0.6147017598504906,0.8296629500927364,0.8708992666923967,0.9093076762183641,0.2398709458312105,0.836262844780963
2017-04-23,0.9117286473232529,0.6147017598504906,0.8296629500927364,0.8708992666923967,0.9093076762183641,0.2398709458312105,0.836262844780963
2017-04-30,0.8976297507151618,0.631871982557234,0.8878632187093611,0.8670011578541104,0.7895419368332988,0.23076923076922995,0.8215251487290427
2017-05-07,0.878912954638333,0.6354539791309765,0.9147248811478028,0.8590119644924741,0.7894582723279648,0.2889454915944967,0.8047593293672248
2017-05-14,0.8601961585615041,0.6354539791309765,0.9147248811478028,0.8590119644924741,0.7894582723279648,0.2889454915944967,0.8047593293672248
2017-05-21,0.8414793624846757,0.6917146861859523,0.8716609461274434,0.8128907757622539,0.7712612424179044,0.23864832739004882,0.7675770686857746
2017-05-28,0.8227625664078464,0.6917146861859523,0.8716609461274434,0.8128907757622539,0.7712612424179044,0.23864832739004882,0.7675770686857746
2017-06-04,0.8040457703310175,0.6554275035041269,0.8618543074594411,0.7905055962948668,0.8110855469567038,0.22244863304465845,0.7435100054083286
2017-06-11,0.7854807636172572,0.6659009500077869,0.8588696782996141,0.7938633732149749,0.8368542145994566,0.23569366615724263,0.7413466738777705
2017-06-18,0.7669157569034972,0.6659009500077869,0.8588696782996141,0.7938633732149749,0.8368542145994566,0.23569366615724263,0.7413466738777705
2017-06-25,0.7483507501897368,0.6659009500077869,0.8588696782996141,0.7938633732149749,0.8368542145994566,0.23569366615724263,0.7413466738777705
2017-07-02,0.7297857434759765,0.6659009500077869,0.8588696782996141,0.7938633732149749,0.8368542145994566,0.23569366615724263,0.7413466738777705
2017-07-09,0.7112207367622161,0.677503504127083,0.7448142068348012,0.756889231956773,0.8001673290106668,0.35201222618441186,0.8935911303407247
2017-07-16,0.6926557300484557,0.6434745366765301,0.6915172575521775,0.7788884600540333,0.7808408282786026,0.3227712684666333,0.8902109248242285
2017-07-23,0.6740907233346953,0.6066422675595703,0.6642292195194748,0.7060594365109996,0.7764066094959214,0.3026999490575637,0.902379664683612
2017-07-30,0.657744176542705,0.6238903597570472,0.6529302662715586,0.7795445773832497,0.7510562643798369,0.32300899983018994,0.8723634396971329
2017-08-06,0.6413976297507151,0.6060582463790686,0.6591127123883429,0.7803550752605171,0.7387157498431289,0.3461708269655279,0.8358572201189833
2017-08-13,0.6250510829587248,0.6060582463790686,0.6591127123883429,0.7803550752605171,0.7387157498431289,0.3461708269655279,0.8358572201189833
2017-08-20,0.6087045361667345,0.6060582463790686,0.6591127123883429,0.7803550752605171,0.7387157498431289,0.3461708269655279,0.8358572201189833
2017-08-27,0.6101932395352909,0.616648497118829,0.6454686933719911,0.7653415669625625,0.818782681447396,0.3094583121073189,0.9549756625202814
2017-09-03,0.6116819429038469,0.616648497118829,0.6454686933719911,0.7653415669625625,0.818782681447396,0.3094583121073189,0.9549756625202814
2017-09-10,0.6131706462724034,0.616648497118829,0.6454686933719911,0.7653415669625625,0.818782681447396,0.3094583121073189,0.9549756625202814
2017-09-17,0.6146593496409594,0.616648497118829,0.6454686933719911,0.7653415669625625,0.818782681447396,0.3094583121073189,0.9549756625202814
2017-09-24,0.6161480530095158,0.616648497118829,0.6454686933719911,0.7653415669625625,0.818782681447396,0.3094583121073189,0.9549756625202814
2017-10-01,0.6176367563780718,0.6363105435290454,0.630971923167118,0.7878811269780006,0.6809454089102696,0.26435727627780636,0.9244186046511622
2017-10-08,0.6191254597466282,0.6363105435290454,0.630971923167118,0.7878811269780006,0.6809454089102696,0.26435727627780636,0.9244186046511622
2017-10-15,0.6206141631151847,0.6319887867933344,0.643550003197817,0.8114627556927827,0.7083037021543612,0.2599083036169123,1.0
2017-10-22,0.6221028664837411,0.6319887867933344,0.643550003197817,0.8114627556927827,0.7083037021543612,0.2599083036169123,1.0
2017-10-29,0.6235915698522971,0.6319887867933344,0.643550003197817,0.8114627556927827,0.7083037021543612,0.2599083036169123,1.0
2017-11-05,0.6250802732208536,0.6647718423921506,0.6910908819579165,0.8946738710922424,0.7476260196611588,0.29071149600950896,0.9629529475392102
2017-11-12,0.6265689765894096,0.6647718423921506,0.6910908819579165,0.8946738710922424,0.7476260196611588,0.29071149600950896,0.9629529475392102
2017-11-19,0.628057679957966,0.6712350101230337,0.6996183938431364,0.8695870320339636,0.7266680610750886,0.3178468330786206,0.9195511087074095
2017-11-26,0.629546383326522,0.6712350101230337,0.6996183938431364,0.8695870320339636,0.7266680610750886,0.3178468330786206,0.9195511087074095
2017-12-03,0.6333265222721702,0.6712350101230337,0.6996183938431364,0.8695870320339636,0.7266680610750886,0.3178468330786206,0.9195511087074095
2017-12-10,0.6371066612178176,0.6695997508176296,0.7153942908307931,0.8894635275955225,0.6747124032629155,0.31553744268976125,0.8796646836127637
2017-12-17,0.6408868001634653,0.6695997508176296,0.7153942908307931,0.8894635275955225,0.6747124032629155,0.31553744268976125,0.8796646836127637
2017-12-24,0.6446669391091131,0.6695997508176296,0.7153942908307931,0.8894635275955225,0.6747124032629155,0.31553744268976125,0.8796646836127637
2017-12-31,0.6018594196975888,0.6695997508176296,0.7153942908307931,0.8894635275955225,0.6747124032629155,0.31553744268976125,0.8796646836127637
2018-01-07,0.5590519002860646,0.6576467839900327,0.6458950689662522,0.8096873793901969,0.6434218782681449,0.24007471557140292,0.7896160086533248
2018-01-14,0.546485492439722,0.6449151222551005,0.6478137591404267,0.7906599768429179,0.6234678937460778,0.2235693666157239,0.8587074094104921
2018-01-21,0.5339190845933794,0.6449151222551005,0.6478137591404267,0.7906599768429179,0.6234678937460778,0.2235693666157239,0.8587074094104921
2018-01-28,0.5217953957226533,0.6449151222551005,0.6478137591404267,0.7906599768429179,0.6234678937460778,0.2235693666157239,0.8587074094104921
2018-02-04,0.5096717068519272,0.6416446036442921,0.6047498241200673,0.6251254341952914,0.49838945827232806,0.0,0.0
2018-02-11,0.4975480179812011,0.671857966048902,0.667000660882171,0.6588961790814354,0.581217318552604,0.8053763440860209,0.9038461538461604
2018-02-18,0.4988506334286882,0.671857966048902,0.667000660882171,0.6588961790814354,0.581217318552604,0.8053763440860209,0.9038461538461604
2018-02-25,0.5001532488761748,0.671857966048902,0.667000660882171,0.6588961790814354,0.581217318552604,0.8053763440860209,0.9038461538461604
2018-03-04,0.5014558643236615,0.671857966048902,0.667000660882171,0.6588961790814354,0.581217318552604,0.8053763440860209,0.9038461538461604
2018-03-11,0.5027584797711482,0.665394798318019,0.7277591830643617,0.7148205326128907,0.5820121313532733,0.7526881720430154,0.7615384615384642
2018-03-18,0.5040610952186353,0.665394798318019,0.7277591830643617,0.7148205326128907,0.5820121313532733,0.7526881720430154,0.7615384615384642
2018-03-25,0.5053637106661215,0.6794891761407881,0.7190184833820115,0.7009648784253182,0.5140347207697133,0.6225806451612925,0.8153846153846231
2018-04-01,0.5066663261136082,0.6794891761407881,0.7190184833820115,0.7009648784253182,0.5140347207697133,0.6225806451612925,0.8153846153846231
2018-04-08,0.5079689415610953,0.7035119140320821,0.706014027757051,0.764415283674257,0.5414348462664713,1.0,0.8615384615384727
2018-04-15,0.5079689415610953,0.7035119140320821,0.706014027757051,0.764415283674257,0.5414348462664713,1.0,0.8615384615384727
2018-04-22,0.5079689415610953,0.7202538545397913,0.6733962947960856,0.7956773446545733,0.5339050407864461,0.7064516129032299,1.0
2018-04-29,0.5079689415610953,0.7202538545397913,0.6733962947960856,0.7956773446545733,0.5339050407864461,0.7064516129032299,1.0
