Date,BP,CVX,MRO,NRG,UAL,VLO,XLE,XOM
2010-01-01,0.7281586796244021,0.09666937540967924,0.2853435747328776,0.48087399654298907,0.017233887488261407,0.015449147956782538,0.16995991312059733,0.20816814543358142
2010-01-08,0.7725380589068417,0.09868154195596213,0.27486026604781594,0.48087399654298907,0.022737145677790255,0.010583968564500279,0.16707373864370423,0.20615898653762466
2010-01-15,0.7212758447355124,0.0684039579095066,0.2676142178736644,0.47913314738045204,0.011151338962992668,0.015091414888758453,0.1319278006656811,0.15626678374633418
2010-01-22,0.6681151489227316,0.04096217103313882,0.24710997947967417,0.5041997552087571,0.003910209766244205,0.011728733716487139,0.09508364947383297,0.12713570074590363
2010-01-29,0.5767451391622279,0.023856633270088023,0.22691402571949076,0.412985623818427,0.0,0.009439213079668357,0.0735210083354283,0.12311788400198609
2010-02-05,0.6080720194525796,0.02714997680994813,0.22645145484504853,0.4171636232344152,0.04779145269854004,0.008652180995705555,0.09822501116858706,0.1318234840150222
2010-02-12,0.6066483041238616,0.04443820301340751,0.24371827281287106,0.4293484872973557,0.0379435169909621,0.006434206972491557,0.12292901400174605,0.1510823965587501
2010-02-19,0.5818750664995648,0.036938694234465275,0.234462025883244,0.41194130719140803,0.04779145269854004,0.005097616465314814,0.10374290781430373,0.1372639285134346
2010-02-26,0.6348822730188618,0.04589653356223433,0.24446843528677287,0.4199486347275683,0.08254885836067441,0.014929499710908567,0.12191018406142329,0.14164533182513528
2010-03-05,0.671264524535362,0.05430023905119363,0.27714548706349534,0.4422297681735124,0.09862417965971446,0.026340203364651343,0.14551054632295635,0.17231504608356263
2010-03-12,0.7086110083411291,0.06141090353264789,0.2838685803618947,0.4102005351770724,0.1038378071636317,0.027344959111849865,0.1405867527937389,0.17517997317258305
2010-03-19,0.6695779660866717,0.05254551912513172,0.26823347371760764,0.35101586822778613,0.10572048627252797,0.0224649213024469,0.10459221856282497,0.1568115971959262
2010-03-26,0.6987321047551301,0.07923406521765108,0.28371211927375456,0.3907044132242817,0.10354814751350341,0.02354138800488398,0.15017924449803643,0.16995571999224646
2010-04-02,0.7283679765744989,0.08819228925716893,0.2802724060465878,0.39766719268881917,0.11397537355682122,0.02354138800488398,0.1653431893990731,0.18309984278856672
2010-04-09,0.766918592641786,0.12448511451584321,0.2932496891247391,0.4338745408235492,0.16191166332155463,0.0224649213024469,0.18050713430010967,0.18984050683749698
2010-04-16,0.7423425420708573,0.12088329420380506,0.28980981598231464,0.4237780785700426,0.13540910149693838,0.02709380159330374,0.18578915552414133,0.19489592862776062
2010-04-23,0.5739240074070256,0.1309490909577835,0.28855889487043035,0.4718220823611052,0.1319333594824991,0.03172268188416061,0.18630016279884987,0.196581323379296
2010-04-30,0.5201943653015274,0.08394384295589874,0.26135420717853197,0.4359633283739897,0.08124545510525957,0.01873308048502939,0.10792474866697555,0.11619980539295816
2010-05-07,0.4664638842574006,0.0998277968162522,0.2773020121177386,0.4589407629108479,0.07936276151410501,0.027919110777194694,0.13041486637584365,0.130523613019632
2010-05-14,0.38165233194116965,0.05069861730005798,0.27308053716174735,0.3924451852386173,0.07748006792295045,0.008183526992064455,0.04147585890744554,0.06311300771574702
2010-05-21,0.40092763997481284,0.06412905336797092,0.2833925446227536,0.4450151654076721,0.11629252041752233,0.015153594029240297,0.0740186239206112,0.08228447649176485
2010-05-28,0.2491341879783524,0.067111781469265,0.2849772728435747,0.4589407629108479,0.12758869644670842,0.010835923623327776,0.06311450196674095,0.08398115571556553
2010-06-04,0.09734073598189175,0.07009450957055896,0.29210850186269294,0.4589407629108479,0.1388848724758944,0.004143545611391533,0.07265575412727354,0.08957975710325938
2010-06-11,0.07155982363759217,0.07307723767185303,0.3111252405125476,0.43039290035962646,0.16741490702882508,0.008964903790395745,0.0987240251237892,0.10162529949054744
2010-06-18,0.0,0.031225575845542752,0.302567727309944,0.4018450378084049,0.13222301913262738,0.009900452375481483,0.044542596637166976,0.058701781155915955
2010-06-25,0.015661233371826122,0.0,0.2708730349613134,0.38130448350629315,0.12107166568737635,0.004071592977279839,0.0,0.0
2010-07-02,0.12047114939297499,0.027310699450511233,0.2903653615875876,0.4209930285027886,0.1180304059070004,0.00867709325394897,0.04878010690651058,0.037324699099982594
2010-07-09,0.2452789914119311,0.051825375961728204,0.29733811458631826,0.4397927722164639,0.13931932574544095,0.008533139649950977,0.05973438645361984,0.04512921875332887
2010-07-16,0.18046558394706258,0.05555358028824364,0.30019074691939257,0.42343010160803846,0.15090514694249688,0.0032800076633470593,0.06914809093708407,0.046995361123372326
2010-07-23,0.23407522135304526,0.07960209785053973,0.3106498444344374,0.42412647984715385,0.16538740533599386,0.0014810081346111892,0.07616521376361907,0.06328268870894449
2010-07-30,0.28768485875902805,0.10803116676458824,0.3363222880930938,0.4523261532788178,0.14395363394910157,0.011627518604415493,0.11655877510462032,0.10349176863102316
2010-08-06,0.23226822049772922,0.0893892019677236,0.3044693436054366,0.4237780785700426,0.1303403400237312,0.0016968757041011945,0.06743634313460722,0.0614163938460327
2010-08-13,0.18070650523590714,0.07792415894348526,0.2890976173905924,0.38635256033664395,0.11904416399454512,0.0011312504694007963,0.05716687702778944,0.05266650554705865
2010-08-20,0.1609492816733893,0.060920358822881826,0.26693512174028744,0.34892704210324504,0.1314265021621143,0.0005656252347003982,0.0219081712251622,0.03882559926538509
2010-08-27,0.18865778318200155,0.0996823757752423,0.2935823128607688,0.39523031245407286,0.1438088403296834,0.0,0.0693187941502158,0.08291089541067487
2010-09-03,0.22359447048984138,0.09883573690685377,0.29197724341916725,0.394882239056817,0.12425779149846247,0.0013717209481765996,0.07633646815909412,0.0827401251827028
2010-09-10,0.2296177580401052,0.11473560045952458,0.2956692069738404,0.39453416565956106,0.14279505327762185,0.004115133843065014,0.08403864939585082,0.08359436844708179
2010-09-17,0.2262447870450951,0.12414385657965865,0.28700100042985216,0.36076373633367825,0.1452570372045163,0.0,0.07873272318944957,0.08444861171146101
2010-09-24,0.2994909502778218,0.13355211269979272,0.31332714567896175,0.36842324120423703,0.16364951984651585,0.006280992234074773,0.11669124259445673,0.09538468134197042
2010-10-01,0.3079241072771982,0.156790439729376,0.3414192031358742,0.3917488841477032,0.19348295765486126,0.007436159244761653,0.14385853035516294,0.1305842833965808
2010-10-08,0.29587676618922676,0.160224358183218,0.3520140367216605,0.3712082526973903,0.19507602056040427,0.010973690248173379,0.1681026123511713,0.15536121573937278
2010-10-15,0.2869621313680868,0.1636582766370599,0.35265622441355876,0.351712092170499,0.22360605511333495,0.007580518869266528,0.16569545615891546,0.17278988709123044
2010-10-22,0.28575752492386375,0.16544595767294612,0.34816151824824987,0.33256417862431625,0.23982619899631,0.011406865793237297,0.17068171702037183,0.1710809648685624
2010-10-29,0.36550925599165407,0.17203150302747672,0.32504547989929183,0.3374382476866146,0.22447501958146157,0.016532729685244912,0.2188265964833258,0.22507701216627318
2010-11-05,0.35996759216552443,0.18096941180465165,0.33002197875301925,0.34544549807457375,0.23229542463169153,0.019528837176312625,0.2511522568957196,0.2669407268498508
2010-11-12,0.3245488799020325,0.15961302018938717,0.330342960658288,0.32316413318402576,0.2262128761064228,0.022524944667380337,0.2370527267562117,0.24853278986617788
2010-11-19,0.3067192455038269,0.1579161931764771,0.33122591676218943,0.33151974627499553,0.24402603944816573,0.02349597171104323,0.24066358352956074,0.24113854138305724
2010-11-26,0.30310506141523186,0.17281328694106768,0.35154407776231206,0.311675493063798,0.22954378105466874,0.029939024130291758,0.2795234085508058,0.26865080366137983
2010-12-03,0.33237960601472294,0.19321406698260934,0.3481305906374092,0.29635706193419026,0.19971034324632334,0.031821248195782637,0.28124270959280184,0.27759207051026247
2010-12-10,0.36165415061421424,0.21608204069875514,0.353657389875957,0.2810384379340792,0.1739319377881571,0.03413783686639327,0.2903556726584404,0.28137472146632947
2010-12-17,0.36767787587158896,0.23145381912102037,0.37381291705899217,0.30262346315961214,0.16002895524814162,0.04651720877799709,0.3118493955897734,0.2982255537702271
2010-12-24,0.36502748636515003,0.23150125656164677,0.38080226926147304,0.3242084883851453,0.1687183102842398,0.04738588965246199,0.3297853793943215,0.30097698259572747
2010-12-31,0.42140795568419775,0.23154869400227318,0.3931558828345683,0.32316413318402576,0.19391743988892454,0.054263306676830325,0.32356777717796414,0.3322716344137714
2011-01-07,0.45297134371669434,0.24568667702633362,0.4806050297826176,0.34788249403162225,0.19695869966930055,0.06114072370119866,0.35983682062999556,0.3585797258640061
2011-01-14,0.453694289961191,0.25071586479645624,0.4622373231976911,0.3558900144382858,0.17118029421113432,0.054190909353592054,0.3730492840304671,0.3764623684852487
2011-01-21,0.43225032557202014,0.270073145244781,0.5079125749682729,0.3701638974962707,0.21144095806279747,0.06352972902935741,0.3862617474309389,0.41308716888842245
2011-01-28,0.429840857354426,0.29436399397859103,0.5288810153723338,0.38443778055425576,0.19217955439944653,0.06888686993580653,0.4363476257228551,0.4743014443296679
2011-02-04,0.4141794416046375,0.28857584438861494,0.5366832168297377,0.37677860356355247,0.20535842401978713,0.08314843691143642,0.43289338639164265,0.47017426841437426
2011-02-11,0.4769609761860706,0.2930357084108822,0.5960122571846727,0.3691194265728493,0.21853729364012783,0.09914749130901024,0.47745264098407336,0.48946823253315086
2011-02-18,0.4594559745616299,0.34643250776550005,0.5714344654480699,0.3155048983321716,0.17016655060584793,0.07426217542636093,0.47779825272747467,0.525594838735088
2011-02-25,0.47963518425444984,0.36708210943805764,0.6457372988905721,0.32003072041376096,0.15452571154087116,0.09007494374851727,0.5144128058521029,0.5230012400284368
2011-03-04,0.41763860442486134,0.3182302946826222,0.5789794592049782,0.3386565720816858,0.18233164765638535,0.07078052057841955,0.42788499657981127,0.4462541934994205
2011-03-11,0.39381241908573694,0.3484400329506857,0.5945618577803251,0.3572824237496108,0.1420709548402054,0.08231364908214087,0.46536288498147305,0.4579218803433772
2011-03-18,0.445598276863827,0.3735352891309215,0.6140806663732754,0.37956386578836004,0.16118753591962134,0.08869678447516016,0.4997323499369324,0.4695895671873337
2011-03-25,0.4473001185857989,0.39863054531115727,0.6563989450710279,0.39348942471743503,0.15394640672287288,0.09616797748937239,0.5347660712726947,0.49378920509955326
2011-04-01,0.44900196030777073,0.4124927272415667,0.65131411962173,0.40254149319572136,0.12512671251981392,0.09014750541338926,0.5293938807001337,0.5219646152933878
2011-04-08,0.4147213230076766,0.37367892312380835,0.6212979298010399,0.386526490956495,0.1233888270303359,0.08006505917927731,0.4794862384467078,0.48186258536496307
2011-04-15,0.42663410563470217,0.40474903819270536,0.6650922263274246,0.43944471810625835,0.12280955117685435,0.09043763606701818,0.5214228653789794,0.5323357424156693
2011-04-22,0.43271258075650587,0.4112500338329165,0.6449172534490524,0.4766963828680075,0.14120203381885396,0.08398197767774657,0.5269684130055841,0.5000119706901737
2011-04-29,0.41669626964966,0.3520727667132404,0.6331075916250462,0.46938524070045934,0.19449674470692283,0.07070797824785738,0.4432677404569716,0.46768819896467784
2011-05-06,0.40067995854281413,0.35341165046912315,0.6212979298010399,0.5059406043712942,0.1901520527066153,0.07230373551143615,0.4377226419419058,0.4405502413243213
2011-05-13,0.38466364743596826,0.36402295607270674,0.6335996348814836,0.511162611821496,0.20738594019487674,0.07215869918608647,0.4476003194734517,0.47074700984358875
2011-05-20,0.42123017364607074,0.3667884006330072,0.6680954348671553,0.5038516239503503,0.1778421185898845,0.07189958076545908,0.4723811918293379,0.47178995214033115
2011-05-27,0.4119045318479889,0.345208280520787,0.6503995002968028,0.48017800404488004,0.1546705341248061,0.07219026244691873,0.4566114975330302,0.4533632367491428
2011-06-03,0.3932531023494551,0.34626766498620865,0.6279079949952922,0.48261461426092206,0.13830556765789617,0.0644857526485757,0.44864040055523247,0.45075600082311296
2011-06-10,0.3333715962299265,0.32892670845306404,0.6285694684672698,0.44327423909693403,0.1500361824743703,0.055545490436085476,0.40271788830040745,0.4166840835307136
2011-06-17,0.3525140966310668,0.32825201091623313,0.6356806760961231,0.4523261532788178,0.18508324778663302,0.059833927365502776,0.4056641620668797,0.4031248315770729
2011-06-24,0.3944799589051383,0.3617783491698685,0.6532110024255946,0.4993258404428615,0.14873277921895559,0.06572139872401866,0.46333239047129005,0.454232489668717
2011-07-01,0.40061562775607296,0.3705934976690377,0.651497302549433,0.48714082208351844,0.1471397452779293,0.07117274605521834,0.5014232957094906,0.47126823046796174
2011-07-08,0.3957068519364145,0.379408646168207,0.6497836026732715,0.48226683016942123,0.1280231786807717,0.06027000305704441,0.45463638664126704,0.4691820408887405
2011-07-15,0.4374279265088302,0.4252670312170378,0.6689139771052524,0.5122071598931188,0.11556842198010589,0.07531574063877913,0.5325572590673779,0.5175086865384045
2011-07-22,0.4131320449643384,0.3828772072945167,0.6439614399537397,0.5087257701608501,0.06951484028878549,0.06041538739997143,0.495857803447723,0.4556236167535287
2011-07-29,0.30195830526080547,0.30397432925227397,0.5793616726624227,0.41507456566527007,0.0742939855586395,0.045587692497584986,0.3481907868279013,0.3231604905094322
2011-08-05,0.291308635928466,0.286633087287832,0.5147619053711057,0.4251709121964748,0.07907313082849352,0.03075999759519854,0.30888256476331266,0.28387392708740855
2011-08-12,0.28189216990491506,0.2692918453233898,0.49147303061161834,0.4021931690668114,0.08211441957338625,0.028953936209789477,0.2725308235456274,0.28089256080097613
2011-08-19,0.2360489886175361,0.3029030063125865,0.484335948694068,0.39523031245407286,0.06734250152976098,0.027147874824380414,0.3050560732087735,0.2954159598077598
2011-08-26,0.24397845415928088,0.3277636503763952,0.5286685839439964,0.46346662356653806,0.0876176632806567,0.043763442360183286,0.33758132287191955,0.3255131940533186
2011-09-02,0.2263844156134066,0.3266952686200767,0.5013440237749212,0.4631185308822319,0.08081101631797163,0.04886472267721492,0.32001424336831663,0.3137889105704702
2011-09-09,0.28684825456812124,0.33495004102206205,0.4982770410304172,0.4718220823611052,0.11542359939617089,0.043180464582391304,0.3267973586688855,0.334612203882268
2011-09-16,0.1929310812281172,0.24667524970988108,0.39678627901502445,0.39905994916705007,0.09963793774725918,0.01519629385254695,0.18486994668882706,0.2511451887650399
2011-09-23,0.22464970938254014,0.2876562095684244,0.4043143857207189,0.3839157186759979,0.11817522849093534,0.015414926228345671,0.2053362044897924,0.33233703206964227
2011-09-30,0.21895028861859755,0.2897927869302148,0.4288506954394728,0.3687714881849458,0.10369297009743836,0.03017217657278884,0.2294328554160523,0.33251246422245007
2011-10-07,0.26776732496721867,0.32067467867354515,0.44139764655913544,0.3715564225298978,0.12411295443226908,0.04492942691723201,0.2709907792501649,0.3759084054635494
2011-10-14,0.3314527976834204,0.3750573825495819,0.47457734397388135,0.3719045537883045,0.11817523573206459,0.05024937827868206,0.3280892892532261,0.41685435271068927
2011-10-21,0.4332993271383917,0.42924590627297443,0.5559931121300201,0.40671887542609914,0.11223751703186,0.07109168696116666,0.41958700764412327,0.4723239603809585
2011-10-28,0.39835939350281413,0.40166593341848367,0.5275532389875959,0.39871185648274393,0.09398985697379539,0.06526170617299368,0.3981096364556409,0.41947929959415553
2011-11-04,0.386165931191056,0.39554782524868426,0.5440037215478772,0.39697093017200574,0.0716871645655516,0.06650052307525231,0.3892042854059736,0.41667977016100577
2011-11-11,0.37440379276129454,0.3429132143285867,0.5197462080894093,0.3470121851726557,0.060680648186493935,0.03924513015378869,0.34991600797654754,0.41009891863821435
2011-11-18,0.37590536524232776,0.2886385275835407,0.4782640303250502,0.29705344017330565,0.0459087591073854,0.029523974500713424,0.27535616382315076,0.35236237377021584
2011-11-25,0.37740693772336054,0.3677254591723974,0.5589918110594834,0.32838625635652957,0.07617667190866487,0.04214207680320642,0.3834421639467791,0.3989210279953813
2011-12-02,0.36038877583278983,0.3718361414374626,0.5489007425185246,0.29148283857548923,0.10644458470994442,0.033045351688244406,0.35113822420154284,0.445479682220547
2011-12-09,0.34337127050288496,0.3465832403106529,0.5410522296024891,0.277557202498213,0.11991308501589656,0.029083751599708718,0.35611475771534806,0.48438156059720205
2011-12-16,0.38266223167231883,0.41157554961254517,0.5721662056842838,0.2782535035891271,0.11440984130862616,0.03385230777850898,0.36109129122915373,0.5232834389738569
2011-12-23,0.37440379276129454,0.42292972119281813,0.6032801817660787,0.2789498046800412,0.09384503438986044,0.032091599850433666,0.36550471032264875,0.5405336065308425
2011-12-30,0.4149461950357959,0.4211678944411189,0.6222007633714743,0.2719868323450005,0.08732800363052837,0.025195650890072863,0.39531412126713783,0.5491585813858578
2012-01-06,0.42070220768159194,0.4194060676894199,0.64112134497687,0.25736477945450814,0.08935554877013471,0.033485497252009694,0.3765517314025564,0.5312040710541827
2012-01-13,0.426458220327388,0.4176442409377207,0.6781214498812789,0.21523908420456156,0.09833453449184446,0.048597880199801935,0.40425746307017074,0.5715143626715237
2012-01-20,0.42795999342418034,0.4143163850309851,0.6660685089757237,0.23821682733422495,0.13526430787752017,0.0551270959709029,0.40881674134302814,0.5669372674402063
2012-01-27,0.44697964402958557,0.38593123530657103,0.662985182891882,0.23055739961186733,0.1698768909557196,0.05652096437101414,0.4067124292271662,0.5099051742703747
2012-02-03,0.4780126404706987,0.41216295481258947,0.6957807958406683,0.23821682733422495,0.1685734877003048,0.06539769404133294,0.43371669970630533,0.5336687043635137
2012-02-10,0.4750096414110029,0.41363127545682643,0.7235309864596553,0.2472685100715047,0.1639391650143858,0.06583783960509826,0.46072097018544467,0.551227321423989
2012-02-17,0.5028723982005424,0.43967183045390856,0.7635895346338069,0.2611943775933849,0.11991308501589656,0.07039937366116553,0.48421801637885276,0.5797220081149738
2012-02-24,0.5172866769651853,0.45357878786784445,0.7472482741945388,0.2423945181574077,0.11658218006765067,0.06966081269199997,0.4784315204115883,0.5763588868247164
2012-03-02,0.49882637957165465,0.45624160126163626,0.7266807413415484,0.22864271626473093,0.11006514930831865,0.08568627775683066,0.45493471918811057,0.569810527175253
2012-03-09,0.48820600014013904,0.45624160126163626,0.7300618296352397,0.21489091437205415,0.11629252041752233,0.08679404670691704,0.45160280150878584,0.5632621675257897
2012-03-16,0.4530563683229468,0.41008252054599625,0.6897719480492899,0.22324641174072185,0.10977553310496549,0.07512569404009556,0.42858676398069906,0.549811098369969
2012-03-23,0.4290330688816396,0.42487750436644733,0.6765298133213247,0.19156527142858798,0.1203475744910891,0.07667662470628406,0.4055707264526123,0.5630853193677751
2012-03-30,0.4042513689198698,0.4041648596073276,0.6424386309207024,0.17206914947579716,0.13091961587721265,0.06404825588526,0.39377695536835655,0.5407847405004892
2012-04-06,0.3938835100156325,0.382860826020056,0.6368036650018423,0.1699802654901051,0.13265748688443232,0.06397441815593782,0.39113640917850057,0.5191920117438679
2012-04-13,0.3822514070733397,0.38207174499329655,0.6106013261452492,0.16789138150441302,0.15901519716059684,0.05636792364138604,0.38849586298864436,0.5489260733308577
2012-04-20,0.40222843255661134,0.4186633920002617,0.6244068103430629,0.22463905249665078,0.1413468564027889,0.06131582487836715,0.38585531679878815,0.5629078176688954
2012-04-27,0.3701134970890473,0.4045593008402565,0.5610139394931839,0.2079280191852147,0.13338159980410716,0.05370931102950552,0.38321477060893216,0.5554745092267551
2012-05-04,0.3134690174310656,0.3904552096802515,0.5421367428972039,0.20514289196975938,0.16509774568586558,0.04647198582725484,0.34695274962823763,0.527371315298481
2012-05-11,0.2996805686457338,0.35869637371077945,0.46268444625823885,0.18738746488310304,0.13816074507396117,0.039308537022946094,0.2853423834480022,0.49926812137020693
2012-05-18,0.2858921198604021,0.36678925692689945,0.48755165262823935,0.18216534171059934,0.16176684073761963,0.0432225263734729,0.3047059499358218,0.5117424083494985
2012-05-25,0.24059526999835457,0.34937387728546554,0.48840252973144477,0.17694321853809564,0.18551773002069635,0.03689178696015066,0.27284432381399215,0.44081566605421185
2012-06-01,0.29229001174623515,0.370073553535637,0.49095487319359726,0.1943503986440432,0.1685734877003048,0.03949644718039108,0.28798268977146835,0.4775266467127569
2012-06-08,0.3155779632415757,0.3852997123559899,0.47989494207229705,0.1689356595573313,0.15162924537991332,0.04277090589681079,0.291679367677083,0.5031882119701411
2012-06-15,0.27795886085703125,0.3663913160580635,0.4433120240921931,0.1748542381171519,0.17118029421113432,0.05095705268786005,0.2621065364428292,0.5028318797059571
2012-06-22,0.29356935667960926,0.40062548669914355,0.4813129426454334,0.22951308298484846,0.1721940522986791,0.05795244767094118,0.2792221703883997,0.520474433198168
2012-06-29,0.3401459162309567,0.426201334723905,0.5042835220759816,0.24622403914808327,0.1629254214090994,0.06152460642329663,0.29633780433396995,0.5644924146343832
2012-07-06,0.3388663159684343,0.41624958638833254,0.4702530115241332,0.2599757446055084,0.16538740533599386,0.06070602074565648,0.3134534382795404,0.5701948745578412
2012-07-13,0.3787890344009702,0.4541659076365915,0.5405826224567076,0.2737274500629336,0.14033306935072734,0.06520838214642372,0.36669422306194255,0.5758973344812991
2012-07-20,0.35447673883982744,0.4484934694125803,0.5278213209256151,0.3070964644393723,0.09905866189377774,0.069710743547191,0.3732389009636379,0.5814216282726653
2012-07-27,0.32990922355755725,0.4582460983930575,0.5116566069308552,0.3404654788158111,0.08399709868228247,0.0830318316887231,0.3700550267788878,0.5700166866410538
2012-08-03,0.38800141948416,0.491883121939812,0.5347691271441437,0.37383449319224976,0.0800868744337799,0.0946412727134276,0.4305481259351214,0.6000110317697976
2012-08-10,0.4140626467572669,0.49874996604298316,0.5578816473574324,0.37768183541742756,0.08587980675569548,0.09583196651846629,0.43691595596126565,0.6300053768985415
2012-08-17,0.40112055938385127,0.48741435990709914,0.5724008013673394,0.38537594125627356,0.10036206514919246,0.09868552697657768,0.41852012276913,0.6056121166127778
2012-08-24,0.39232002021623236,0.4961416452068871,0.5598455666373277,0.38537594125627356,0.08631426002524198,0.1100722560861048,0.40543078737990035,0.6036392728042078
2012-08-31,0.37342511613737484,0.504868930506675,0.5889509750992754,0.424546358932778,0.10441708301711325,0.11524121615477098,0.42984040780634225,0.635745578806942
2012-09-07,0.4365811091520072,0.540280083307716,0.6190552942184877,0.40601042349347877,0.11194785738173166,0.1255041771728098,0.4894491042715323,0.6759238987389841
2012-09-14,0.4280399479230673,0.5532205455284575,0.6491596133377,0.39481884252239124,0.11440984130862616,0.12063484090390955,0.4781287375776766,0.6811247551563607
2012-09-21,0.42156899542534065,0.5467002274304168,0.6386017841425471,0.3983162405064316,0.10137582323673724,0.11539098938603423,0.4577873940270287,0.6861479355972947
2012-09-28,0.4094033639907041,0.5461987991011793,0.6334654339972161,0.4345139065418973,0.12237506894279107,0.1241557347336942,0.4630976888638547,0.6936808000978395
2012-10-05,0.3977556494947966,0.5051698247343867,0.618056607442584,0.4707115725773631,0.1093410508709022,0.09816119016056477,0.44906178966375476,0.6748477347816143
2012-10-12,0.43425155895770706,0.5211200110657991,0.6731287995865232,0.4574217534011748,0.11918898657848012,0.10190677767228656,0.4854843884337938,0.7162810710210264
2012-10-19,0.38869624304679473,0.48410411387040864,0.6437380063556719,0.42174869513461005,0.11115133317008932,0.09329186355881944,0.42969534477925375,0.6615741891093688
2012-10-26,0.3762721638010894,0.489119849139383,0.648588875782945,0.39726687067222693,0.10311367976169847,0.09531448371529569,0.43644661398887696,0.6825602576658928
2012-11-02,0.3638480845553843,0.4330439543969643,0.6340361715519713,0.367711857639967,0.1284576319503182,0.09988411884719062,0.388830808332995,0.6013072647210406
2012-11-09,0.36388233513679624,0.3904101363553708,0.6531544563904694,0.33154076915985214,0.10354814751350341,0.10145730330401798,0.37248484268970095,0.5942994331665802
2012-11-16,0.3979580525579004,0.41590092585349947,0.6808333248045197,0.3452365421713283,0.10832729278335743,0.11209486657542611,0.40730862479515406,0.6280508322341866
2012-11-23,0.39009457136309245,0.44139171535162836,0.6625709703913705,0.3817589635602043,0.11310643805321144,0.1229691784709637,0.41637010334709745,0.6300367904294429
2012-11-30,0.3903569038247686,0.44806939296494497,0.6634317302575021,0.4133650000983638,0.1180304059070004,0.11965145923625164,0.41654766571827895,0.6278704985248927
2012-12-07,0.3945505756523303,0.4628417408425046,0.6482244928767349,0.4421614148671526,0.15496015032815932,0.12568373490839901,0.4229438305997004,0.6383388507431608
2012-12-14,0.41447193938135884,0.4878330379801957,0.6846645425656037,0.457964529571484,0.17016655060584793,0.13910565147580578,0.45297034614496123,0.6439344458428767
2012-12-21,0.39848235272532684,0.4855058173318375,0.651954516262742,0.44883403994656706,0.15684287288383067,0.13495840334407766,0.4154816382380422,0.6072949407702449
2012-12-28,0.441732484137768,0.4831785966834793,0.6883944380194047,0.4498872286167365,0.182041988006257,0.14166938096209092,0.45602424336750036,0.6275098311063058
2013-01-04,0.4873414921209255,0.48874358863909484,0.7109184221097558,0.4625296779486909,0.18870381238500725,0.1430266688479635,0.4656672192916105,0.6477247214423664
2013-01-11,0.4650614341991436,0.5319473757514771,0.7334424062001066,0.47517212728064534,0.19406226247285954,0.15750420006463267,0.48763199898484455,0.667578290818975
2013-01-18,0.4637505743537992,0.539636820443771,0.7509451631391493,0.47482110296468955,0.1908761801085486,0.16610024389168493,0.5129898980116687,0.688334530838045
2013-01-25,0.474497742945046,0.5360957473578586,0.7463542199717526,0.486409727153814,0.17074582645932937,0.20960844436036602,0.5340624155619271,0.663427347800898
2013-02-01,0.43884919797284716,0.5347803434287034,0.7575445140111352,0.49523833586700877,0.19348295765486126,0.22159768856778983,0.5429911204116213,0.6323830892728542
2013-02-08,0.41525802487657304,0.5417616578921983,0.7959928114893355,0.48572087086432586,0.19565532537840255,0.23599985464465856,0.5699564917072368,0.6474634575893156
2013-02-15,0.3902163268910507,0.5435345585509005,0.7684477281798829,0.48783588880321144,0.19623460123188405,0.22481725717854167,0.5306696024407496,0.6487345945713495
2013-02-22,0.3920742355150467,0.5655596908759194,0.7478443743091661,0.48959849375851744,0.20782039346442324,0.22527177780168156,0.5401342402555656,0.6661723719259235
2013-03-01,0.393932144139043,0.5800900364484597,0.7432309790395875,0.5142739216320855,0.2498189717700813,0.2322420575162656,0.5565629649069959,0.6509145236952784
2013-03-08,0.395790052763039,0.5946203820210004,0.7841720035718671,0.5555170028849568,0.27241128038167817,0.21201336182553238,0.5817420767129868,0.671258727983787
2013-03-15,0.39287014510319007,0.5980871312790744,0.7665845874953945,0.5505818710213226,0.2887762178840714,0.21337697203072636,0.5479912424883031,0.6411056595636789
2013-03-22,0.4316228724288401,0.5825881001383834,0.7541872211077907,0.5773721625373733,0.28457634846769886,0.20360350256877086,0.5754106247214996,0.6763442344385274
2013-03-29,0.40322231950262755,0.5934476565103882,0.7244905419719982,0.5738472226454656,0.24532944270358045,0.1938300331068154,0.5363062584672835,0.6701689268070393
2013-04-05,0.41649338024532245,0.6043072128823931,0.7564935509374873,0.6048678200579922,0.2593772478275309,0.192466229558523,0.5741551334142982,0.6601784000997216
2013-04-12,0.3981788028440604,0.5496527660011513,0.6501050963073647,0.5826597845327883,0.2638667406883858,0.17299507146207438,0.49289689272791226,0.612951358739778
2013-04-19,0.42976495164631323,0.5794271719004157,0.7008488301879068,0.6298956609151394,0.26835623354924065,0.19231478390945755,0.5395349213209659,0.6392893823616203
2013-04-26,0.44290373365259683,0.6154217462733936,0.7178593039976258,0.6006375913097179,0.2931208809198621,0.194525609071604,0.5529882411983731,0.649461397367093
2013-05-03,0.45604251565888065,0.6317364656017871,0.7847486579911576,0.5948561051036234,0.2925416340308974,0.19673643423375048,0.6001648361832992,0.693055557552486
2013-05-10,0.4563164838345829,0.6458654575399786,0.7954163489683546,0.6249483782097991,0.3206372008320231,0.20817455393886247,0.6015998904494471,0.6984581838195224
2013-05-17,0.4686776062075332,0.6599944494781701,0.8027585062123881,0.6281345603497588,0.318609699139192,0.21339633534204244,0.627071190139862,0.7183946875318737
2013-05-24,0.48103872858048347,0.6570135042883137,0.8004405985180332,0.5527267067400139,0.2937001857378604,0.2185215031988954,0.627250916412095,0.7238812502306454
2013-05-31,0.46706533030308706,0.610552772331521,0.7853737987165841,0.5516649546194992,0.2651701511849297,0.20694428280155813,0.5931691278115101,0.6898625965187267
2013-06-07,0.4654527808316967,0.6215511227744132,0.7778405107565398,0.5884836251014016,0.29398984538798867,0.20186363219313785,0.6001648361832992,0.7099809370843616
2013-06-14,0.4275632119283358,0.5834160866919881,0.7755226030621853,0.5442301824593534,0.27226645779774317,0.17745978896156106,0.5592664326441703,0.6682801719230739
2013-06-21,0.43025036883207324,0.5912280434611593,0.7995713631432433,0.5888377353454097,0.275162923958701,0.17129639766715699,0.5632127757371328,0.6832777583966602
2013-06-28,0.4141271356049091,0.595031390679236,0.8010203233102713,0.573260394852209,0.27328021588528806,0.16046874912844555,0.5762809416415484,0.6982753448702465
2013-07-05,0.4506733449099568,0.6432399425707266,0.8430332598149588,0.5882475644634297,0.26763213511182415,0.16754837403239392,0.6207995312255412,0.7454633480558656
2013-07-12,0.45524162107308797,0.6607139349085841,0.8468000637102386,0.6032347340746502,0.32049240721260497,0.1648831587536992,0.6409859925377257,0.7610098217171019
2013-07-19,0.4815766706195267,0.6842527218139044,0.8482482562840299,0.6182219036858709,0.31774073467106534,0.1769599873847495,0.6517102351131567,0.7765562953783377
2013-07-26,0.44919560922866053,0.6601485885838078,0.8691101291603553,0.6022905686709639,0.33236784461301405,0.18020837378433474,0.6624344776885878,0.7355871692151928
2013-08-02,0.4168145478377946,0.6360444553537113,0.8275316184447536,0.600130496182514,0.3251267154162656,0.18828742783311758,0.6458526468306891,0.7182111950417335
2013-08-09,0.43104590150575983,0.6070579018856225,0.7859531077291522,0.5823506902642441,0.25691526390063646,0.17912549775818193,0.6227817462452845,0.6520021464024771
2013-08-16,0.42124563929731507,0.5969557933065891,0.7517632576145248,0.5812841935293489,0.25706010096682974,0.18136907040763905,0.6159333668724385,0.6414151329478576
2013-08-23,0.4411186363906118,0.6185126197429279,0.7883473269844843,0.5681270306853112,0.23374365047104126,0.17986069455743336,0.6235031622760026,0.6467562610195158
2013-08-30,0.43866882616764846,0.6288765184619259,0.8093252023887503,0.5585261299029127,0.25112237502549606,0.18782149030001055,0.646753952446927,0.6482293203440778
2013-09-06,0.4492859045580374,0.6549931967450259,0.830303077793016,0.5809286560436164,0.279942069228555,0.17064308167012593,0.6663998059511529,0.659832023441378
2013-09-13,0.4599029829484266,0.6710571957037724,0.8431231641728414,0.6321338459574148,0.31035481185489866,0.17089441803103816,0.6869466792733641,0.6837725541854
2013-09-20,0.468886775493056,0.6508477663220132,0.8099081254861424,0.6371121808137821,0.3144098297228194,0.16737492593871772,0.6638763911127847,0.6430728393514208
2013-09-27,0.46153668826350025,0.5965413718828406,0.7743617142403898,0.6157764600007789,0.27936276441055674,0.17265418341150823,0.6538585499527574,0.6141591676120134
2013-10-04,0.4481967980776488,0.5771604999172809,0.803498178245384,0.6342674180387151,0.25720492355076474,0.17793344088429874,0.6627314833149753,0.6241043167986192
2013-10-11,0.4781427489093525,0.6097031922797634,0.7988363926188233,0.6378234872298509,0.27212163521380817,0.20156419206931547,0.7099911026921295,0.6506236544410519
2013-10-18,0.4939321575134267,0.6204817978538074,0.8192315368240062,0.6460019294765147,0.27429395949057434,0.21019524066435358,0.7114395486478025,0.6679347973607236
2013-10-25,0.5734250213008342,0.6142632302773706,0.8093254262701108,0.6580923255669524,0.3126719731978582,0.22485982166167928,0.7170530141875966,0.6900349570294703
2013-11-01,0.562535524947427,0.6137451352423747,0.8230191936688909,0.6426429739397232,0.3132512780158565,0.2090221410812797,0.6969539254839032,0.7331288316828594
2013-11-08,0.5911740081638942,0.6101177998543582,0.843414529772383,0.6119357910950143,0.34960171761901704,0.23885400479922042,0.7313576658154504,0.7680145598448024
2013-11-15,0.612393100524946,0.6612810744865113,0.887118921940885,0.6035447669796439,0.35843590972130857,0.23634008049511224,0.7418597308711354,0.795270873735774
2013-11-22,0.5998542690650536,0.6504121361118606,0.8430762130531786,0.5951537428642735,0.39203473471196315,0.2650825235230156,0.7271930443074666,0.7787689668995929
2013-11-29,0.5873154376051611,0.6366168940257256,0.8454191954599419,0.6469277078922222,0.35380158703538955,0.2618354421893453,0.7125263577437975,0.7848874382605392
2013-12-06,0.57987514623521,0.6354672760401486,0.8416119010214107,0.6426429739397232,0.36582183253747524,0.2662995409909168,0.6993075965746995,0.8076937924030928
2013-12-13,0.5920005450912552,0.6587729648559241,0.8044165076042902,0.6583538579693899,0.36075305658200973,0.272869039796593,0.7266498745223191,0.8831583956931127
2013-12-20,0.6294789246397116,0.6753895215763165,0.8152529411614196,0.6604959935010355,0.3723388632968073,0.29055682048666565,0.7436706098387598,0.9104145353065213
2013-12-27,0.6297547165950413,0.6683877429298016,0.8044165076042902,0.6640666051281179,0.3674148954430183,0.2999059066809622,0.7399786067759824,0.8890917189270618
2014-01-03,0.6537299412053569,0.6595043763505478,0.7924087267675113,0.6458567751357518,0.4553221894092866,0.32542671232695947,0.7323376271934907,0.8892771938244918
2014-01-10,0.6278257778338042,0.6128933834307454,0.7827436085069799,0.6462138170114098,0.5047066905311114,0.3084129450126138,0.7199675235197671,0.8740726963131101
2014-01-17,0.6476671870639458,0.6082949114884372,0.7692711958079175,0.6197910209522941,0.522375060253436,0.3115292974102243,0.7196037023448767,0.8375461884560017
2014-01-24,0.614046976842704,0.588020155569737,0.7496488580771279,0.6301458139578839,0.4934105434664421,0.3128769761441008,0.6894057690908537,0.782291486806774
2014-01-31,0.6115666000731773,0.5338847468877782,0.7136249078888115,0.635236708039961,0.47313536723328786,0.27724891834445214,0.6652113139199018,0.7046025789681051
2014-02-07,0.6427067253296327,0.5468439607037548,0.7563848405452982,0.6578312174796221,0.47414911083857425,0.2926625105054181,0.6975921742232671,0.7468316883491918
2014-02-14,0.6978663565657691,0.5688305970337905,0.7625354052380562,0.6736114963163662,0.4826936577729959,0.29969755049084934,0.7372497438226946,0.8204038987110999
2014-02-21,0.6829479668741799,0.5908172333638261,0.7634544062410447,0.6711010552716714,0.4945690951734051,0.2905542006876808,0.7392508011129146,0.8291793186731916
2014-02-28,0.6680295771825909,0.5819605608159096,0.7781821217300531,0.6750461828420085,0.5158580439763624,0.32755084727731015,0.7508934053359837,0.7903400821884271
2014-03-07,0.634567962837791,0.5777430776053819,0.7501991584619481,0.7119864774632745,0.4716871558761966,0.3373714102844859,0.7226968355845933,0.7880995044722455
2014-03-14,0.604731329356983,0.5889193386169645,0.7781821217300531,0.7363743739905639,0.4760318333942456,0.34710733735028754,0.7399786067759824,0.8056518039710275
2014-03-21,0.6340103969299514,0.61169377773795,0.7979174555819379,0.7654244906193572,0.4566255926647014,0.3215399553518583,0.7528944422120423,0.8366490293415013
2014-03-28,0.654923933252146,0.6065273037187938,0.8338536762598763,0.7887362854606883,0.44496737465793623,0.3521870309103703,0.7635937693041406,0.8682061867402396
2014-04-04,0.6538084366805416,0.6013608296996379,0.8247224190956728,0.8055928202797933,0.4333091566511712,0.31950805472665345,0.7742930963962389,0.8467322934975335
2014-04-11,0.670539280328534,0.675061350044616,0.8638987787591599,0.7987782810840709,0.45170162481091236,0.35396481103404426,0.8490628797799451,0.9147022644276007
2014-04-18,0.684760457306176,0.6815985209992613,0.8578601707383222,0.8260354349403431,0.4224474628560484,0.3586211218770026,0.8673437608322638,0.9070460767658685
2014-04-25,0.7129243201122805,0.68834663809276,0.8518215627174845,0.8464784739160003,0.41361327075375687,0.3684417622214179,0.8625903438896052,0.9331877984966207
2014-05-02,0.7235200785188195,0.6899281012212849,0.8335591443382322,0.8861844544059916,0.405648043119592,0.3608223233864206,0.86679523232989,0.9273059307134272
2014-05-09,0.7432970718525037,0.6764321524655849,0.8488762435010437,0.8566505414067895,0.4118754142287957,0.3525255650087119,0.8646013632903249,0.9214240629302336
2014-05-16,0.7520411103272505,0.6856613004465845,0.8476980198653128,0.8555700422733568,0.42925413878325047,0.34270496333291633,0.8773982249968786,0.9477363152573081
2014-05-23,0.7362450266897381,0.6717312230975573,0.8675904224833175,0.9240026184099521,0.4669079816418258,0.36156872441823085,0.8964103412912903,0.9434125106804915
2014-05-30,0.7303215363607128,0.6844915037092852,0.87973170057723,0.9571390052433772,0.5016654307507353,0.35306412220962047,0.9081104113771872,0.9298770258296346
2014-06-06,0.7557083664030174,0.712033042619075,0.941326132455889,0.9376893650818754,0.4379434648548318,0.3375005924757575,0.9349831227966485,0.9507451084753663
2014-06-13,0.7932243522874006,0.7745592875614961,0.9457678746878453,1.0,0.4528602344469089,0.3653957770445112,0.9881813848819745,0.9689801839002995
2014-06-20,0.7954806959674371,0.7631811645723517,0.9555402960862978,0.9643423713736969,0.4221578032059202,0.3244035116481628,0.9812341193139114,0.9577007438994246
2014-06-27,0.8067638369157287,0.7660523676333767,0.9759729564109387,0.9225620686210105,0.3985517654712952,0.3136026411285955,0.9965104645846561,0.9682282633506526
2014-07-04,0.7746073192726487,0.7560565015472672,0.9484333422032996,0.9171594958056453,0.47516286892611903,0.29837929857656653,0.9739208278415836,0.9678523248605245
2014-07-11,0.7424508016295689,0.7542488403205613,0.9522829822020713,0.8508874743337578,0.4733525866269319,0.2952326009796443,0.9654725906819479,0.9629644273786043
2014-07-18,0.7571184763357116,0.8049716572306181,0.9875221322716665,0.7846154528618703,0.4715423043277448,0.29387186191946335,1.0,1.0
2014-07-25,0.6888561192165349,0.745316615349222,0.9294809854361974,0.7586828950479727,0.4928312386484438,0.30309940297487936,0.9274553601503004,0.8996089342173211
2014-08-01,0.6434423650803395,0.7071415320147624,0.9099363985037048,0.7228369090881737,0.44750175539453985,0.3123269440302955,0.897702414774757,0.8870131757759593
2014-08-08,0.6611562988989516,0.7210715969537332,0.9368842942747777,0.7080032386814912,0.48602456272124184,0.32874087404865887,0.9096403302488623,0.902429093757103
2014-08-15,0.6857107923946785,0.7313862649789536,0.975084851035739,0.7293494902239728,0.5162924827636506,0.3349491982791575,0.9463723260409322,0.9190034564904955
2014-08-22,0.6757175013504176,0.7517426294286046,1.0,0.7463541881636915,0.5207820118301514,0.34290317867751213,0.9561062470516846,0.9244935047405457
2014-08-29,0.5892066606036942,0.7308305798830926,0.9886860594833584,0.7398417227501943,0.5511947254919782,0.32956596572156405,0.9237820564588735,0.9015872677691547
2014-09-05,0.6277511852470236,0.6989799094961887,0.9735019778319074,0.7644439755548209,0.5600289175942698,0.30622615723118995,0.8971517019571709,0.8764095188139814
2014-09-12,0.5966301732010685,0.7023043650474684,0.9526609579051868,0.7579317030118271,0.5309195709822117,0.28698986266366033,0.8855812005502677,0.8684579742507511
2014-09-19,0.5655091611551136,0.6651988796548555,0.9172311248823024,0.720666190147943,0.5018102243701535,0.2759612726426642,0.8205662014497155,0.8237816811014237
2014-09-26,0.5398127262831777,0.6269140666016205,0.8806100191386581,0.7828959737510959,0.48906588043065136,0.26604383507597823,0.783002042804249,0.8057978921390055
2014-10-03,0.5064073573021016,0.5990315862120849,0.8154071634359521,0.7666150030878567,0.4719768082851957,0.2682667586825141,0.7170981703114243,0.777780224925238
2014-10-10,0.47014708016711515,0.5620332864766834,0.7793815821120071,0.6595219203113083,0.4548877361397401,0.27929544054148203,0.666517248618594,0.7546846789500107
2014-10-17,0.5115465859155407,0.6170478111446552,0.8160025279403937,0.7051088310388813,0.512599550320084,0.2903241224004501,0.7385124005003587,0.8211313768324028
2014-10-24,0.5383851080660559,0.6278790477679329,0.7975434457772137,0.719942655741967,0.5703113645004277,0.29750563911731487,0.7344509623684541,0.8275679701016382
2014-10-31,0.5029812048931422,0.6421421117505476,0.804391017112212,0.8298249160145392,0.6270817884384191,0.30938933732726037,0.7556804648157445,0.8618325948103712
2014-11-07,0.48569195639868157,0.6198360777986934,0.73323352489049,0.802922682458389,0.6430122437067491,0.3046017175189467,0.7281746490254564,0.8315433938281255
2014-11-14,0.5175574352887425,0.6290588718308113,0.7728316450546526,0.7760204489022389,0.6376538225834136,0.30956041696797976,0.7654643801064491,0.8797449081868757
2014-11-21,0.512342921052264,0.6169137328952038,0.7559291460269373,0.767659165418473,0.6406950823637896,0.3178065001195682,0.7274359422004879,0.8658217428950193
2014-11-28,0.4506394590844708,0.5862830331036643,0.6762155798399312,0.6807723923618652,0.7152787420548158,0.32339462802581104,0.6526717522968581,0.8518985776031632
2014-12-05,0.38893599711667737,0.5065135484122693,0.5686321744381218,0.622241942159679,0.7739319319952538,0.2823001518004336,0.545047438835295,0.7526104491686149
2014-12-12,0.41240090994931233,0.5511065048291067,0.6078898030355753,0.6527793603874072,0.7514843880385582,0.2845354300309646,0.6030131628059536,0.790251679894116
2014-12-19,0.4358658227819475,0.5991631824502542,0.6318638507082328,0.6520523928864728,0.7613323237461362,0.3079198234398558,0.631995922720479,0.8405679435678796
2014-12-26,0.41182151339932715,0.5852006403936588,0.629766082357637,0.623332586281584,0.7897175357151319,0.3054265868472886,0.623175310852552,0.815025714872407
2015-01-02,0.3715548301289707,0.5660431246233627,0.6132839045932779,0.6182429651448282,0.7860969711167577,0.3098971433083504,0.5824955838045807,0.810800311765134
2015-01-09,0.34258624279985483,0.48226871616762657,0.5452577769988127,0.6095176964472866,0.7454018684778063,0.25874398271566834,0.5061514807493235,0.7480016136359643
2015-01-16,0.4367346349210831,0.5499158840171517,0.5860134597474107,0.5557134993536907,0.8686458005129152,0.29253078585240105,0.5869535465970777,0.8230915855175868
2015-01-23,0.4300718937576874,0.4858404669129842,0.5482543970299258,0.5317198301350903,0.8858797314479518,0.32760726479345625,0.5440450627086273,0.7214990502090611
2015-01-30,0.5062598500057977,0.5541370654244896,0.6324629572297049,0.6068318975410167,0.8289644414792503,0.3527969897175597,0.6350632320467049,0.8132970339309268
2015-02-06,0.5051009110034571,0.5547026909755349,0.6444500130490851,0.5746504125692935,0.7962345085454303,0.366036516072984,0.6450935258448582,0.813489327438046
2015-02-13,0.5183675581994523,0.55526831652658,0.6513425525545502,0.5702620300083359,0.778131685553559,0.4010442905439825,0.6560533376295614,0.7701486321847183
2015-02-20,0.5233652979893594,0.5411686681667695,0.6272430673537479,0.5494173960707649,0.7973931181814268,0.41654635650682825,0.6270755587702868,0.7548630084673188
2015-02-27,0.5180736743502138,0.5157019789981884,0.6073192573791297,0.5603882946120082,0.8046342473781752,0.39913909731838826,0.585653052272255,0.7179060568119583
2015-03-06,0.42929675094024045,0.49045390538332245,0.5550943563986572,0.4949283929682499,0.8020274408673459,0.3802596367734745,0.5442305457742234,0.695364375827301
2015-03-13,0.45310779890845343,0.5159205945519033,0.5575093966205429,0.5201615251890805,0.8360607191275471,0.4064138054087364,0.5702360636402484,0.6728226948426438
2015-03-20,0.4778008631803078,0.5213854125321787,0.5783388706656569,0.5453946574099111,0.7619116285641344,0.4287573362467818,0.5836097887044525,0.6710807252369119
2015-03-27,0.47309733551997224,0.5217133855029769,0.5991684726429769,0.5208928129892882,0.7171614501282287,0.39775339766418916,0.6062348031882994,0.6706941340306874
2015-04-03,0.5230710129086028,0.5399663074414508,0.6504875816207476,0.5435661678906873,0.7067342096026525,0.3901323444143193,0.6449466663716139,0.677466102687042
2015-04-10,0.5583467773248604,0.5750511998594786,0.7087501151389857,0.5453945995487601,0.7217957728141479,0.38441655206012826,0.6958143253679188,0.7370615574061797
2015-04-17,0.5892126426008731,0.5729745506600904,0.7042218587526099,0.5472230312068331,0.7304850988857292,0.39281711634742866,0.6946921589453097,0.7333853029029022
2015-04-24,0.5762787257601906,0.5848881055330347,0.7208251883162073,0.5666049352475859,0.6861694316484036,0.3726385835236047,0.6989936063664743,0.7300957920987176
2015-05-01,0.5371815229384241,0.5467428311540715,0.6550158380071234,0.5619307571748791,0.7264300810178085,0.38034629315022817,0.657102768397017,0.734546056832872
2015-05-08,0.5882280934065515,0.5563610344035183,0.6157716742743686,0.5920888376967712,0.7152787420548158,0.39766680895752005,0.6554194575206218,0.7223563215461136
2015-05-15,0.5864394032986994,0.5240086502560798,0.6326768278953616,0.6034899917567145,0.6049239475786272,0.40834576698631986,0.6580377165503561,0.74095672631447
2015-05-22,0.5461941312011745,0.5106603935817123,0.6099784242334303,0.5784808593383846,0.5956553166890475,0.3936100937316709,0.6204480197896507,0.6999877526441937
2015-05-29,0.5184693980538738,0.49023860331466895,0.592639772331846,0.5405994338093505,0.6112961267895075,0.3758226736757793,0.5952011533837573,0.6826245878716842
2015-06-05,0.5423184171139396,0.4872584151382534,0.6011569868895075,0.5457486133575167,0.5813178519149688,0.3999751805464439,0.6081051690206778,0.6949152952220542
2015-06-12,0.537548467399556,0.4776544214033961,0.5889894826933313,0.5426224525181751,0.5742215163376384,0.40538120825535207,0.5952011533837573,0.7072060025724239
2015-06-19,0.5563298959099662,0.4565704305263262,0.5975066332848897,0.5394962916788335,0.6166545479128429,0.40572998953791495,0.5710761471880597,0.6769666667581623
2015-06-26,0.5384432866361853,0.4293044196889467,0.5646547301653908,0.47476690635326996,0.5668355935214717,0.4441822486461656,0.550088766895678,0.6615545610987293
2015-07-03,0.47405044275350894,0.40623345468010597,0.5357570516232038,0.4486544389339197,0.5923243393295097,0.4388634476761518,0.5291013866032965,0.631510372586697
2015-07-10,0.48627315849049857,0.4139605763036599,0.5202436724730832,0.4618946518166665,0.6172338527308412,0.46807326864324594,0.5332430115590694,0.6270232699324628
2015-07-17,0.41949568626875944,0.39696093355195383,0.4542353875834118,0.4398277974998582,0.6417088404513344,0.4529015486985202,0.4869320586513537,0.6225361672782282
2015-07-24,0.3983296841326759,0.3979542344669932,0.44693493623858843,0.4659402649192083,0.6441708533427457,0.43990980119099543,0.4880612475452988,0.659018299710617
2015-07-31,0.3771636819965921,0.3114103109524543,0.3736262959532484,0.36292180296889415,0.6538739375018718,0.4525527674159572,0.4381740806952179,0.5630329707445046
2015-08-07,0.3962329394078764,0.3186955476974248,0.3301276827383633,0.3962416096509314,0.6660390345524092,0.4912375699359447,0.46095303836612866,0.5739583876589177
2015-08-14,0.3495569109156239,0.24572928074998845,0.2726366763724568,0.39513079127438405,0.6405502887443714,0.4699166887488653,0.3914866090045557,0.5437223849030667
2015-08-21,0.30863990430555355,0.23886622171402228,0.27370423864985466,0.37736039743667377,0.5937726086156345,0.39182836940878707,0.36324839436500556,0.5134863821472154
2015-08-28,0.28984826262922725,0.24579650602556014,0.3014155378781677,0.3433001994666745,0.6501085792840794,0.40104104237992755,0.37416709202973175,0.4926133108062155
2015-09-04,0.25347731854641997,0.21673391614184845,0.2432219918021042,0.3229379346577879,0.6450398178108723,0.4321886252175605,0.35647103585780004,0.46760493785850266
2015-09-11,0.2375650783844071,0.25865109065594605,0.28786783707577684,0.3532959447433723,0.7125271274423097,0.41148203372307723,0.38169740644618755,0.5058066016602639
2015-09-18,0.22165283822239412,0.23048267015667234,0.25769342709911164,0.21668480292299092,0.6367849305265789,0.40455061597129416,0.32465597443689753,0.4717404137427793
2015-09-25,0.24590009780200628,0.24669057612954692,0.2533827833954232,0.18928858943385946,0.5885589811117172,0.42595912991777474,0.31566537385146876,0.4979300182342258
2015-10-02,0.3974451692509443,0.3760189633604377,0.4033309068858231,0.2155742545651484,0.5778420809360127,0.45640485797349506,0.4687081943503235,0.6154894500423124
2015-10-09,0.38895872141084087,0.3850729558052698,0.3802382161644902,0.21298273076087798,0.6574945021002461,0.43561049837944177,0.46396723004579044,0.6440426504253919
2015-10-16,0.3894133896720745,0.3951329322427922,0.3509875406824416,0.19595257391472726,0.6327298547296246,0.4094640731352751,0.4503125857139578,0.6718078548030874
2015-10-23,0.38986805793330814,0.3757953341439334,0.3223526988578213,0.12079792070167833,0.6935553544645703,0.4602215425761176,0.434572104081844,0.6588115411656893
2015-10-30,0.38501833609800096,0.427884398984257,0.3669983522331846,0.1520008578879986,0.6863142252678218,0.51097901201696,0.42186594249200216,0.7096159562960666
2015-11-06,0.3395166028325559,0.3754599771895718,0.31157623352233194,0.11194150006191139,0.6790730960710734,0.48886853694986243,0.4091597809021603,0.6721033750898019
2015-11-13,0.362466680914033,0.3863024821440696,0.3251238063925164,0.0902271358768838,0.6682114022759506,0.5040474879264727,0.43514137337165404,0.634590793883537
2015-11-20,0.3854167589955103,0.39915508116542997,0.3412266011994924,0.09958679423378908,0.635191867621036,0.5243131701519517,0.44727846981329433,0.6158198694112068
2015-11-27,0.33212307317226364,0.3762999890878377,0.2930534091374299,0.05428606475897163,0.6427226564679126,0.49833379334490047,0.3875406741948102,0.5970489449388771
2015-12-04,0.2871472814759105,0.3813914629310807,0.23716021206042498,0.03556670947106039,0.6831281139389941,0.5106164357043181,0.34392228786236845,0.5430208305694001
2015-12-11,0.24247912492719015,0.39542123026324816,0.1766349096286896,0.0,0.6511223373716242,0.5132675369368214,0.33216434363042624,0.588110510100409
2015-12-18,0.2564957285439714,0.41250608046226367,0.21214725892455072,0.07412850498743834,0.6867486785373683,0.5154767041818981,0.32040639939848425,0.6153232546003934
2015-12-25,0.27051233216075266,0.3888587800236961,0.17076774675563927,0.08423696378624851,0.6508326777214958,0.5046960766847451,0.3070668476395635,0.5879120515244646
2016-01-01,0.2638891123018934,0.31033700240374096,0.11147769374053301,0.06514324685148548,0.5832005599883817,0.5168904385853815,0.23932447581946703,0.5537468085965719
2016-01-08,0.2572658924430342,0.33805719648560606,0.062069284244893,0.03594114826611344,0.5136857341818546,0.4747403477107419,0.22382406471909588,0.6111520300308125
2016-01-15,0.21506231873226334,0.28804762274758844,0.0534228261759529,0.013852268137831414,0.47748008819811216,0.4403663035808949,0.17426119722847533,0.5114379236605887
2016-01-22,0.28991979126623313,0.34314858345845456,0.06515727985425968,0.021714441333228918,0.48877623526278136,0.4501748793159629,0.23511460632393133,0.5688429708172654
2016-01-29,0.2504888367725623,0.3303634082735688,0.06577487257952269,0.08737400252197469,0.522085415085566,0.42587449397640054,0.24870118984344836,0.625255115122748
2016-02-05,0.1589964149234343,0.3099973763899747,0.0,0.007962967320407688,0.5013757855828653,0.42438728275071214,0.24554371116869333,0.6206863198604139
2016-02-12,0.24433565963719983,0.3523133480668008,0.005909092653621023,0.03987937107243328,0.573207772732352,0.4229000715250236,0.24238623249393831,0.6921613829412675
2016-02-19,0.2091034470784564,0.3483751779958879,0.011818185307242046,0.07958490796026707,0.6444605129928739,0.4214128602993351,0.24142948201679792,0.683342262880016
2016-02-26,0.2786243215676567,0.3739262307279424,0.09205745691243306,0.11929044484810097,0.6658942409329911,0.44952086728377716,0.3082151033597542,0.6911590037475338
2016-03-04,0.24590852366388727,0.4473715879030792,0.1113397828222869,0.13334881440572932,0.6502533729034976,0.4525547201812522,0.31606095946066093,0.6867496071021245
2016-03-11,0.2997007943618071,0.4811723125039348,0.13808615338559793,0.17400414208692822,0.6731353701297397,0.4525547201812522,0.3728957185053796,0.7047890559615276
2016-03-18,0.2644683629495084,0.45779816981700294,0.10200962306054784,0.14284764811779604,0.6586531117362426,0.4673670636416166,0.3361541280577043,0.7228285048209312
2016-03-25,0.25691868127747597,0.46410014538256983,0.12844508637982566,0.1379083116771903,0.6879072881733649,0.4521977894870869,0.3455743854868054,0.7150112629054169
2016-04-01,0.2238883178634875,0.4571107767924648,0.13093311192532858,0.10865155359119089,0.5908761424546767,0.4300683667963351,0.33111966936245185,0.6905583343386964
2016-04-08,0.2801971491187516,0.49497919522298217,0.18971300328529905,0.1493069584205911,0.6425778049194609,0.42917607872954167,0.39414243009027694,0.7518916195714226
2016-04-15,0.305992359895334,0.5328476136534995,0.2130383387235436,0.17514400676126834,0.5850832101327612,0.4210559586066348,0.42632853929901504,0.7791510704585455
2016-04-22,0.3610428926341297,0.5443055581254713,0.22827762312195526,0.21351968224198842,0.5170166391301005,0.42337598878439897,0.4558161618258294,0.8040048809917334
2016-04-29,0.34481280415856774,0.5330766412445419,0.15736844731240024,0.20933327367205762,0.47255612034432315,0.3760832518368005,0.4386632039894822,0.8042056705300952
2016-05-06,0.3285827156830058,0.5410971862418491,0.16545462628443935,0.23864862581695118,0.4550325442414166,0.3686770414379986,0.4215102461531348,0.836876548701233
2016-05-13,0.33242848330875063,0.5150877804863555,0.178205821171245,0.23331853373671546,0.45836344918966265,0.374209438196095,0.4203537431119557,0.860875266366918
2016-05-20,0.3522980152207541,0.5462872331631555,0.1932508724976461,0.23941000141566932,0.4654597847669929,0.36252007880162,0.4457939724495381,0.8546093561868725
2016-05-27,0.3176862524914198,0.5350555736597596,0.19980864540262827,0.29651795450802015,0.47516286892611903,0.3824370184131557,0.44020496307445733,0.8289398177309383
2016-06-03,0.3663993698768434,0.5614557348614283,0.2272887711344005,0.2359836376379843,0.4973207677149446,0.36520969397934716,0.47990738258529997,0.8721939188196802
2016-06-10,0.334030710187447,0.5692523197073934,0.17763716251484019,0.17544932076794856,0.4267921838208727,0.34699014243112375,0.43731413416888776,0.8833106489299155
2016-06-17,0.41735566325339024,0.5770489045533586,0.25882844163221025,0.19676949621838796,0.47516286892611903,0.3643076710875436,0.48279837480415666,0.8950338431779895
2016-06-24,0.44555793485845807,0.5848454893993237,0.2507093201170836,0.19734060506562806,0.4153511852077517,0.3398647145471377,0.47662703107631366,0.9342450315536063
2016-07-01,0.4420327512157042,0.5642348180737232,0.2422779160867074,0.19791171391286805,0.4015930252516713,0.30595112667355495,0.44907883548807526,0.9184795781332721
2016-07-08,0.479208310394745,0.5777822313333548,0.25882844163221025,0.22646561331084208,0.513975321420691,0.33445297354966846,0.49660898332497827,0.9587016199491692
2016-07-15,0.4561337411158678,0.5913296445929862,0.2322851634461866,0.19829236313812643,0.4967414628969463,0.3314765435524519,0.47410500440088477,0.9364683340062624
2016-07-22,0.39684496337540465,0.5496450965862901,0.19887182983993124,0.18001792152716406,0.5074583630726509,0.34771167954046533,0.4467508862399652,0.8720928596172876
2016-07-29,0.3651174351763976,0.5334344479909491,0.23353430416820187,0.17010692354960416,0.4857349754824054,0.36088033598312963,0.46246496215500366,0.8077173852283125
2016-08-05,0.40531941074555633,0.5451292756196712,0.2681967784964725,0.13843924559859866,0.5055756405169796,0.370080257976923,0.4781790380700417,0.792356146832856
2016-08-12,0.4382791574123529,0.5700242831296788,0.3028592528247431,0.12317774984155683,0.5103547568223167,0.3820443095786106,0.5301712111174539,0.8519452839903002
2016-08-19,0.42424666867501293,0.5632341331751199,0.2836407650857658,0.11478390981683861,0.5093410132170303,0.38167948081887104,0.5033991210968838,0.822387722006198
2016-08-26,0.4059721414743792,0.5435762191102683,0.25544028508412825,0.086168561876522,0.5580014014191802,0.37502154687993494,0.4779849810568835,0.809749243776973
2016-09-02,0.45231146377173015,0.5893275177823388,0.3065144678531952,0.11745470339795389,0.6082548670091315,0.3919857603581318,0.5464672437232783,0.8547988394682738
2016-09-09,0.4043403328901184,0.53526860468809,0.22880652684529418,0.06899930682341121,0.5698768533018478,0.3923505504492517,0.47992497959196334,0.7738727694486897
2016-09-16,0.4255520571814734,0.5408850983778059,0.24792014215826758,0.06671010110400355,0.5601737691427214,0.386969415664277,0.4826410632805507,0.7424806529030094
2016-09-23,0.45165873304290727,0.5537563000737243,0.2801940475703116,0.064420895384596,0.5616219660175544,0.3514904640622017,0.5123338889523541,0.8020033031698087
2016-09-30,0.4807024236170999,0.566627501769643,0.2858341307774184,0.06213168966518834,0.6027515943373442,0.3805850815440469,0.5388770341588518,0.8138262277538503
2016-10-07,0.4718914524300094,0.5648137906404372,0.24510010055471404,0.07357782112649491,0.5985517249209718,0.3710084595242652,0.5230681855020096,0.8040414574954667
2016-10-14,0.4771128787912776,0.5630000795112314,0.24259339690711107,0.08769470759481607,0.6402606435765015,0.37939936632379495,0.5316556472387275,0.8172912360649297
2016-10-21,0.48233430515254583,0.5401830366665915,0.21909298624472923,0.04305475246420998,0.6091237590659662,0.41624643302525954,0.5103820706181348,0.8113800242969066
2016-10-28,0.4118460249975261,0.6041877288592797,0.22535977734678847,0.030082475284609334,0.63113680630634,0.4075818587369392,0.4826673771339023,0.744926834575257
2016-11-04,0.41510949626367755,0.6322701724877463,0.25638036291808247,0.06716071088981579,0.6890658398803279,0.45409670872913444,0.5336076288862335,0.8140301542883631
2016-11-11,0.4203775931456234,0.6361315615396516,0.2664071455254432,0.07404811656167437,0.8037653553213406,0.4696928071079419,0.5353639816301945,0.7923144291409862
2016-11-18,0.45176981946004247,0.6730142057543421,0.3095393609018709,0.07136966602157907,0.8081824441313571,0.4701489034773346,0.5790825198358276,0.8270691877136233
2016-11-25,0.4831620457744613,0.7098968499690327,0.34443712387931397,0.06869121548148382,0.8125995329413738,0.43710369679641425,0.6089438644055509,0.8336498649588516
2016-12-02,0.509737323573486,0.7321149338511107,0.3598424642813281,0.1203468737427254,0.8744387328348309,0.5092785207969166,0.6430988786011491,0.8558602116174033
2016-12-09,0.498442911667094,0.7533876692761169,0.3554409247451589,0.12493846466593089,0.9041274059882749,0.5025581563714705,0.64466039859384,0.9087119306455461
2016-12-16,0.5336552085523009,0.7746604047011229,0.34915302482908256,0.10771991191218377,0.8854935620278894,0.51250048686209,0.6442697736257368,0.90830074451811
2016-12-23,0.5499327700115769,0.7660331940962234,0.334376471220371,0.11766844248968045,0.8668597180675037,0.511672002017806,0.6348962646250105,0.8976070078402684
2016-12-30,0.5887992647104151,0.7574059834913239,0.35355453238219986,0.151722931492783,0.8482258741071182,0.5029264169712087,0.6265248799763019,0.860590213626388
2017-01-06,0.5618915848364104,0.7438151598543711,0.33028935706390455,0.19381271425502028,0.8926864073751537,0.4922474202737891,0.6181534953275929,0.8151415658830407
2017-01-13,0.5333230982820617,0.7369605272467071,0.32494470130388514,0.23896362192289572,0.8929760090962486,0.48810473503918594,0.6097821106788843,0.7820320528681447
2017-01-20,0.5280079478857159,0.7484241431144584,0.340035648309248,0.2734006117080881,0.9126718805114045,0.500072634168534,0.6244974543949686,0.7999234093675845
2017-01-27,0.4964498123385478,0.6971332558722433,0.30639545891840997,0.28296637148479037,0.8657493922809911,0.48212081447597677,0.5805476441609252,0.7557088210545421
2017-02-03,0.4516035089957747,0.6977240614277441,0.2865885150141237,0.27301795662959566,0.8779145472605621,0.5023740647402212,0.5797629850598554,0.7225991555467778
2017-02-10,0.42635707350922514,0.6790513196909832,0.2903612997400417,0.29946814030017593,0.9168717499277765,0.49298393180611044,0.5726995220881628,0.7475353993677122
2017-02-17,0.452029507441258,0.6956283876118797,0.28594415247472066,0.2967848101363478,0.9007964431109952,0.5034117178156318,0.5587691232714003,0.736743784053019
2017-02-24,0.4608174260538519,0.7235478003292911,0.29099005455029275,0.29640142214994286,0.8822591668495776,0.4980162756413672,0.5677944075161343,0.7682884806059352
2017-03-03,0.4398609214836243,0.6839358310234805,0.28878252036680724,0.32821815042587726,0.8715423246029066,0.49829540507269066,0.5283572087832171,0.734460965812275
2017-03-10,0.45743756117184853,0.6579255689740945,0.2723833386211979,0.3293681215145889,0.7994206343565163,0.5175515753107476,0.531496457612322,0.7427621983075644
2017-03-17,0.458789638436783,0.6580448668463618,0.2449463260429034,0.3389513167847869,0.7985517278174235,0.5040628973714243,0.5032428915238034,0.7384039956965637
2017-03-24,0.4743377974716797,0.6569710867155051,0.2818444050128956,0.3477680061008797,0.8182476064737084,0.49596984528230903,0.537200725339632,0.7765895388236604
2017-03-31,0.4814361301614013,0.6749873116480752,0.2963512775310107,0.36808467632279257,0.8379434851299936,0.4851789319323151,0.5468723423314328,0.7622700663513898
2017-04-07,0.49022426762755045,0.6369264132426421,0.28373655432513206,0.34853482064779023,0.8212888734952135,0.48155090669164424,0.5208180958634294,0.7348761385389867
2017-04-14,0.46183173933170074,0.6223702113175719,0.2578764341200312,0.3044513740673263,0.8318609655692417,0.47615547418453463,0.4975272735230536,0.7207642524300716
2017-04-21,0.470281893957209,0.6294098530461928,0.25125367165431695,0.2891180919089666,0.8448949112298385,0.4774113487816596,0.49081642435193795,0.7259523212311948
2017-04-28,0.48397120208196853,0.6215350269312495,0.2288624971854915,0.20422471265188064,0.9058653204422695,0.47866722337878453,0.4606167763084026,0.7338382067222079
2017-05-05,0.4976605102067281,0.638238888398485,0.23863894844843825,0.2299527120100076,0.9413468100595619,0.49708605365864544,0.49456650570236915,0.7539688338561007
2017-05-12,0.5629091444419968,0.6258302467351283,0.22728566877840095,0.22880069649396134,0.9213613224410528,0.47094611507543405,0.48015751729834744,0.7521424049859421
2017-05-19,0.5591269537740803,0.6267887498519945,0.2092235602509519,0.2752647051222162,1.0,0.47395127585708974,0.4653540048214979,0.7521424049859421
2017-05-26,0.5536254860509492,0.6277472529688609,0.19656466845089454,0.2871687111582915,0.9937726144085379,0.46389160543998265,0.45252413341682973,0.7301456354820058
2017-06-02,0.5250863623486096,0.6244931624374249,0.16460093467269832,0.27334471783623976,0.9871106886539789,0.4738572821097474,0.4329834128410459,0.7284701309822249
2017-06-09,0.5192410756900278,0.652575891497189,0.17346215893273836,0.28140874930036225,0.9410570924804,0.4880536634597137,0.4240025293961873,0.7628265128283752
2017-06-16,0.49723487651717024,0.6392576981844745,0.14877731992262666,0.305216722798412,0.9426501553859432,0.4892758528555001,0.4150216459513285,0.7381066563877755
2017-06-23,0.5061748253995454,0.6259395048717599,0.15257495547959232,0.297152768482491,0.9445328634593559,0.5106173154154163,0.4209564099689367,0.7301456354820058
2017-06-30,0.49173340879403893,0.6223236363758659,0.14877731992262666,0.2718086971481782,0.9464155715327691,0.5046943849326331,0.4268911739865451,0.7179952869246992
2017-07-07,0.5013610320229077,0.6260600437496683,0.14434664382650347,0.42060881117321963,0.9820419126985129,0.5171044693954358,0.44477793924925346,0.7358020752362343
2017-07-14,0.5144271364110199,0.632086305091979,0.16491740696769974,0.569408925198261,0.8648805002241566,0.5146600229337783,0.45968337963128914,0.733497646577561
2017-07-21,0.510644799840733,0.6499243464346175,0.16903151481966683,0.5886088752062266,0.807096202340553,0.5153181338396524,0.4753839924072385,0.7328692234666657
2017-07-28,0.5501868589893352,0.6899391834016587,0.17789273907970693,0.5849564286246056,0.7864589986120782,0.5087840748239338,0.453124860928529,0.725746390504696
2017-08-04,0.5271494218636817,0.6981349832155849,0.1633350774757441,0.5813039820429846,0.7658217948836035,0.502250015808215,0.4318597561846944,0.6939041803654277
2017-08-11,0.49961713394271656,0.6885500699424575,0.12440888924141325,0.6143682353081859,0.7580013608688566,0.4930003466351741,0.3851557081954118,0.6526172808491221
2017-08-18,0.5024137905753124,0.6789651566693301,0.1312296907622713,0.6212886989843052,0.7113685322885716,0.5204511610934599,0.3992662823959461,0.6540979866018023
2017-08-25,0.5216410237779646,0.6811564623798884,0.135360909546813,0.6012963598006953,0.6903692721002593,0.5267202143912015,0.4042348033516132,0.6540979866018023
2017-09-01,0.5485589897690702,0.7320428810635954,0.15633459517132686,0.5713076581547769,0.6693700119119471,0.5339391623319386,0.4463676511980945,0.711208526460105
2017-09-08,0.5775747035637712,0.764303319103094,0.1611013811560978,0.5317074864228808,0.7080376128580673,0.5441976861258665,0.4753839924072385,0.7336296182628596
2017-09-15,0.6254678496284943,0.7888943050511749,0.18652403718221644,0.5736145822444185,0.668645855545497,0.5766827971847042,0.48154476159975457,0.7293992264603185
2017-09-22,0.6506377593218574,0.8028941517373377,0.21194672519138663,0.6009118917394718,0.7067342096026525,0.6087879987221182,0.531864647417637,0.7780489609288436
2017-09-29,0.6572799282510505,0.8145810369299576,0.22306918317845015,0.6266713289896322,0.7524981461261029,0.6138221889839659,0.5350864511132698,0.781926781957956
2017-10-06,0.6712633937919926,0.8213982780376589,0.21480677759241829,0.630900516237189,0.7860969711167577,0.6199014083604321,0.5256225890365664,0.7858046029870683
2017-10-13,0.6621740044069083,0.8099549153819684,0.2186201807937938,0.6255178862318618,0.6867486785373683,0.6172417420286646,0.514749374122242,0.7896824240161807
2017-10-20,0.6957341940405958,0.8128766770128067,0.2129001079747821,0.59591384551767,0.6892106914287797,0.6045136275031177,0.5062922772167919,0.8051234379665323
2017-10-27,0.7292943836742835,0.7750163127088995,0.27264339281328037,0.642050051438563,0.6648804828454463,0.6548561198180439,0.5345829868709999,0.8104115529817079
2017-11-03,0.7310424399720264,0.7982681294697999,0.28344806720022925,0.7144613146130652,0.6666183393704076,0.651911543096307,0.5628736965252077,0.8156996679968832
2017-11-10,0.6828047819355941,0.7657641564833159,0.2699104730421255,0.7768201285829073,0.67081820878678,0.6598903777499759,0.5038760163087912,0.7435711076206214
2017-11-17,0.7186320937869192,0.7952862411156562,0.25637287888402177,0.7683516476734222,0.6854452752819536,0.6620750677587807,0.5157561392934948,0.770869117418768
2017-11-24,0.7289191227780482,0.8331324083150308,0.2541412134881484,0.7079174498816354,0.7380158877326061,0.7000627814042337,0.544147541796157,0.8176208167230475
2017-12-01,0.7019599393673518,0.8409965245512924,0.251909548092275,0.7109968974850842,0.736640080426353,0.6997752898838996,0.5350864511132698,0.8018234705085109
2017-12-08,0.7487837669606491,0.839767854506385,0.26402428025340813,0.7090722813070292,0.7352642731201,0.7178806239966762,0.5469664107846868,0.8092953378616742
2017-12-15,0.7860300887892521,0.9047699181126151,0.32555436223236583,0.7006038003975446,0.7953656164885957,0.7489181559426358,0.5989166735598481,0.8295757129923881
2017-12-22,0.7927697569773523,0.9141086096615442,0.3261919763478938,0.7217751183935583,0.7991310326354217,0.764053769063714,0.6217217205283412,0.8332047818452267
2017-12-29,0.834272889884235,0.9451966200317844,0.3596669093114177,0.7425612354204363,0.824040531554495,0.7764112642037212,0.6730044606574614,0.8929785660816735
2018-01-05,0.8424315680496132,0.9999999999999999,0.3749697120501904,0.7448708596971236,0.9281678969924461,0.7856075706815724,0.7070577510894831,0.895327021609939
2018-01-12,0.8293065920551125,0.9879578769426501,0.3778390395361691,0.6755833271936222,0.925995645126972,0.7982045889191725,0.7030037845404538,0.9060008252914039
2018-01-19,0.8591035765668099,0.9764073286297484,0.3775201685123019,0.7079174498816354,0.7779869498631746,0.8108016071567726,0.6942877544186243,0.926067797545065
2018-01-26,0.8456240578126469,0.9139857128729182,0.32969888596634883,0.6381994111277793,0.7934829663442162,0.786948724085874,0.6855717242967954,0.9410112054809591
2018-02-02,0.7104733061947631,0.7509275245135535,0.28187760342039553,0.5684813723739235,0.7387399861700225,0.711079132807094,0.5051701312083443,0.663489673814705
2018-02-09,0.7156551383003095,0.753753654249698,0.30228131908339145,0.5927599113258573,0.787545182473849,0.7404037512389305,0.5369937257484871,0.6664785340363865
2018-02-16,0.720836970405856,0.7347558683154519,0.27449030209911174,0.6170384502777913,0.7869658776558506,0.769728369670767,0.5177373948476778,0.6755667386563712
2018-02-23,0.709674490717746,0.7614375144166076,0.24669928511483197,0.6810105488593059,0.7991310326354217,0.7578377401107397,0.5035484710977531,0.6613330107455625
2018-03-02,0.7283985795966551,0.7776946510832595,0.2562942005772302,0.7842906975084603,0.8328747236567864,0.7819089365413245,0.5142914844940973,0.6380418382048051
2018-03-09,0.7129151282629561,0.7798664047499441,0.2588528447005363,0.8293794237260805,0.836784875493997,0.7724351633827969,0.5146970526279517,0.6313562894354722
2018-03-16,0.7129151282629561,0.7820381584166286,0.2885970826339706,0.8112668390414643,0.8123098298444703,0.783810179122939,0.5144942583539438,0.6246707406661397
2018-03-23,0.7672869231754352,0.7862576272361822,0.2978721355979039,0.8201305116121542,0.8270817913348707,0.7951851948630814,0.5288848944273503,0.6486090929406129
2018-03-30,0.8169775134902243,0.8265903105679909,0.3193007801305932,0.8116522328811033,0.8447501610571957,0.8065602106032236,0.5529734409317479,0.6790173037143384
2018-04-06,0.8580265982209466,0.8506658448230909,0.3458467129098946,0.8004763901430827,0.7782765371020108,0.8517058047717483,0.5946183495052955,0.7048965852184833
2018-04-13,0.8799912152182884,0.9062628478987126,0.3591196792995455,0.8571263529383626,0.8380883366784453,0.9258528637172544,0.6562692173806817,0.7523420181507466
2018-04-20,0.9224803198676023,0.9125920014878169,0.37239264568919644,0.8513457153624826,0.7858073838779212,0.9581411998375803,0.6758667913944674,0.7833972561653194
2018-04-27,0.9181594941243844,0.9348060148713927,0.40373610016580014,0.9159542094565947,0.7988413295385183,0.9758321126858488,0.6530028699860471,0.7926706960510838
2018-05-04,0.9595684105756893,0.9696783354331769,0.45810722381995334,0.9805627035507072,0.7771179419482728,0.9866592778668138,0.7168992955563025,0.8019441359368483
2018-05-11,0.9999999999999999,0.9823364564605398,0.4670625102345766,0.9851915570551448,0.7860969711167577,0.9999999999999999,0.7299643380941061,0.8043163585678966
